йЁнОцШЁф,хха©
"
╠Щ╦и
",хха©ё╨435 ╢С©╗(ц©100©к)
"
╣╟╦Б(╩ф╣╟╦Б)
",хха©ё╨320 ╢С©╗(ц©100©к)
"
╠║╨икихйТувслг
",хха©ё╨406 ╢С©╗(ц©100©к)
"
ги©ка╕ё╛сж╫пжЛ╧еа╕
",хха©ё╨589 ╢С©╗(ц©100©к)
"
╠ЫД©аэё╛сж╫п╠Ы╪╓аХ║╒я╘╦Б
",хха©ё╨127 ╢С©╗(ц©100©к)
"
╨ЛйМ╦иё╛сж╫п╣ь╧о╦иё╛╦ййМ╦и
",хха©ё╨338 ╢С©╗(ц©100©к)
"
еЮ╦Ы╨╨╠╓ё╗╪пя╛хБё╛длюрё╛╪с╣Вао╫╢ё╘
",хха©ё╨311 ╢С©╗(ц©100©к)
"
бл╤╧╠Щё╗иылгиысмё╘
",хха©ё╨122 ╢С©╗(ц©100©к)
"
ку╢Р╠Щ╦и
",хха©ё╨408 ╢С©╗(ц©100©к)
"
бИ╩╗
",хха©ё╨527 ╢С©╗(ц©100©к)
"
длсм╣╟╦Б
",хха©ё╨379 ╢С©╗(ц©100©к)
"
╪яц╥ уФж╝╩╟ц╥
",хха©ё╨180 ╢С©╗(ц©100©к)
"
тб╠Щ(╤╧иЁ)
",хха©ё╨411 ╢С©╗(ц©100©к)
"
и╫И╚╧Ш╣╓ф╓
",хха©ё╨326 ╢С©╗(ц©100©к)
"
╣╟╦Б
",хха©ё╨348 ╢С©╗(ц©100©к)
"
иЁГВбЙ╣╟кж
",хха©ё╨506 ╢С©╗(ц©100©к)
"
╣╔╡Ц╨╨╠╓ё╗╣╔╡ЦхБ╠Щё╛нч╣Вао╫╢ё╘
",хха©ё╨316 ╢С©╗(ц©100©к)
"
бл╤╧╦Б
",хха©ё╨351 ╢С©╗(ц©100©к)
"
нВй╫╣╟╦Б
",хха©ё╨316 ╢С©╗(ц©100©к)
"
р╟²и ╨ОхБё╗ю╟ц╥н╤ё╘ 
",хха©ё╨295 ╢С©╗(ц©100©к)
╟Эё╛сж╫пх╚бСцФ╟Э║╒х╚бСмбк╬║╒х╚бСцФ╟Эф╛
",хха©ё╨246 ╢С©╗(ц©100©к)
"
юс╠Щ
",хха©ё╨259 ╢С©╗(ц©100©к)
"
╩╗╬М
",хха©ё╨214 ╢С©╗(ц©100©к)
"
смлУ
",хха©ё╨388 ╢С©╗(ц©100©к)
юё╗нчаоё╘
",хха©ё╨27 ╢С©╗(ц©100©к)
"
жМп║ееё╗а╪тсжМё╘
",хха©ё╨351 ╢С©╗(ц©100©к)
100©к)
о║╒╫П╧о║╒╥Э╧о║╒╥╧...
",хха©ё╨23 ╢С©╗(ц©100©к)
йЁнОцШЁф,хха©
"
и╚ю╜см
",хха©ё╨898 ╢С©╗(ц©100©к)
"
╩╗иЗсмё╛сж╫пбД╩╗иЗсм║╒╧Шсм║╒см║╒йЁсцсм
",хха©ё╨899 ╢С©╗(ц©100©к)
"
╤╧смё╛сж╫псмё╛йЁсцсм
",хха©ё╨899 ╢С©╗(ц©100©к)
"
╩Л╨осм(╡к+вь)
",хха©ё╨900 ╢С©╗(ц©100©к)
"
©Ш╩╗вясм
",хха©ё╨899 ╢С©╗(ц©100©к)
"
ИоИ╜см
",хха©ё╨899 ╢С©╗(ц©100©к)
"
╡квясмё╛сж╫п╡квссм║╒╡ксм║╒см╡квясм║╒э©л╕см...
",хха©ё╨899 ╢С©╗(ц©100©к)
"
ю╠╫╥смё╛сж╫п╨Лсм║╒смю╠вс
",хха©ё╨900 ╢С©╗(ц©100©к)
"
ж╔бИсмё╛сж╫пбИсм║╒ж╔бИсм
",хха©ё╨898 ╢С©╗(ц©100©к)
"
╫ПаЗсЦйЁсц╣В╨мсм
",хха©ё╨884 ╢С©╗(ц©100©к)
"
жМсм(╟Есм)ё╛сж╫псмё╛йЁсцсмё╛жМмЬсм
",хха©ё╨827 ╢С©╗(ц©100©к)
"
сЯцвсм
",хха©ё╨895 ╢С©╗(ц©100©к)
"
жМсм(а╤)ё╛сж╫п╢Ссм║╒╩Гсм║╒жМж╛╦Ю
",хха©ё╨897 ╢С©╗(ц©100©к)
"
оЦсм
",хха©ё╨898 ╢С©╗(ц©100©к)
"
╩фсмё╛сж╫п╟вмясм
",хха©ё╨888 ╢С©╗(ц©100©к)
"
е╥юЖч╠ю╪ль╪╤ЁУу╔ИоИ╜см
",хха©ё╨814 ╢С©╗(ц©100©к)
"
╫ПаЗсЦ сЯцвсм
",хха©ё╨884 ╢С©╗(ц©100©к)
"
╨ЗбИсмё╛сж╫пягбИсм║╒ягбИвссм║╒╨ЗбИвссм
",хха©ё╨900 ╢С©╗(ц©100©к)
"
кзцвсмё╛сж╫псЯцвеъя©см
",хха©ё╨900 ╢С©╗(ц©100©к)
"
╡Хсм
",хха©ё╨899 ╢С©╗(ц©100©к)
"
╢СбИсм
",хха©ё╨899 ╢С©╗(ц©100©к)
"
╪яж╝я║ ИоИ╜см
",хха©ё╨823 ╢С©╗(ц©100©к)
"
╫Пеё ж╔бИсм
",хха©ё╨899 ╢С©╗(ц©100©к)
"
©╡е╣ю╜╫║©╣╩фсм
",хха©ё╨700 ╢С©╗(ц©100©к)
"
olivoila ЁУу╔ИоИ╜см
",хха©ё╨884 ╢С©╗(ц©100©к)
"
еёсмё╛сж╫пеёж╛
",хха©ё╨835 ╢С©╗(ц©100©к)
"
хзйо╢©сЯцвсм
",хха©ё╨860 ╢С©╗(ц©100©к)
"
╟╡╪я╣╜длсм
",хха©ё╨350 ╢С©╗(ц©100©к)
"
╩фсмтЭ
",хха©ё╨599 ╢С©╗(ц©100©к)
"
еёсм(а╤)
",хха©ё╨898 ╢С©╗(ц©100©к)
"
╧БцВж╡нО╩фсм
",хха©ё╨719 ╢С©╗(ц©100©к)
"
х╦Ё╡ хЩ╩╗х╚ж╛╣╜дл
",хха©ё╨141 ╢С©╗(ц©100©к)
"
вьИ╣см
",хха©ё╨900 ╢С©╗(ц©100©к)
"
бСя©см
",хха©ё╨899 ╢С©╗(ц©100©к)
"
см╡Хвясм
",хха©ё╨898 ╢С©╗(ц©100©к)
"
ё╗AGIAё╘╟╒эГФ╚╢©ИоИ╜см
",хха©ё╨878 ╢С©╗(ц©100©к)
"
Somerfield ╢©╡ксм
",хха©ё╨900 ╢С©╗(ц©100©к)
"
яРсмё╛сж╫пяРж╛
",хха©ё╨824 ╢С©╗(ц©100©к)
"
цчвясм
",хха©ё╨899 ╢С©╗(ц©100©к)
"
╟вмя(йЁф╥╧╓р╣)ё╛сж╫пеёсмё╛╩фсм
",хха©ё╨744 ╢С©╗(ц©100©к)
"
жИ╫╜ геефп║д╔ж╔бИсм
",хха©ё╨900 ╢С©╗(ц©100©к)
"
я╪см(а╤)
",хха©ё╨897 ╢С©╗(ц©100©к)
"
╨клрсм
",хха©ё╨895 ╢С©╗(ц©100©к)
"
р╛вссм
",хха©ё╨898 ╢С©╗(ц©100©к)
"
мЁр╩╢©ИоИ╜см
",хха©ё╨818 ╢С©╗(ц©100©к)
"
кжсм
",хха©ё╨860 ╢С©╗(ц©100©к)
"
HOMEBRANDойдлсм
",хха©ё╨331 ╢С©╗(ц©100©к)
"
Allowuie zero╩фсм
",хха©ё╨733 ╢С©╗(ц©100©к)
"
Land Lakesсм╡квяж╡нО╩фсм
",хха©ё╨714 ╢С©╗(ц©100©к)
"
цв©╥см
",хха©ё╨894 ╢С©╗(ц©100©к)
"
©╗ю╜юШль╪╤ИоИ╜см
",хха©ё╨822 ╢С©╗(ц©100©к)
"
яРсм(а╤)
",хха©ё╨895 ╢С©╗(ц©100©к)
"
Ёё╢╨ ╣╜длсмё╗бИю╠н╤ё╘
",хха©ё╨350 ╢С©╗(ц©100©к)
"
PAMSЁ╛╣╜ИоИ╜см
",хха©ё╨810 ╢С©╗(ц©100©к)
"
╟╒╤Ш╥╗ ю╠цвсм
",хха©ё╨844 ╢С©╗(ц©100©к)
"
╨Л╩╗см
",хха©ё╨899 ╢С©╗(ц©100©к)
"
лЛх╩йю╪р р╟иЗлЗ╨клрсм
",хха©ё╨884 ╢С©╗(ц©100╨аиЩ)
"
╦ёаыце лЛлЛнЕ╧хйЁсц╣В╨мсм
",хха©ё╨883 ╢С©╗(ц©100╨аиЩ)
"
Lactima еёсмё╗нчянё╘
",хха©ё╨740 ╢С©╗(ц©100©к)
"
Ё╓иЗ ль╪╤ЁУу╔ИоИ╜см
",хха©ё╨877 ╢С©╗(ц©100©к)
"
Meiji/цВжн ╦ъок╩фсм
",хха©ё╨265 ╢С©╗(ц©100╨аиЩ)
"
╟ыип/Payson Breton ╣╜╩фсм©И
",хха©ё╨731 ╢С©╗(ц©100©к)
"
Cocoyummy сп╩Зе╘р╛вссм
",хха©ё╨802 ╢С©╗(ц©100╨аиЩ)
"
Sparta Tree ╩ф╫ПйВягбИвясм
",хха©ё╨884 ╢С©╗(ц©100╨аиЩ)
"
сеВо ╢©уЩягбИвясм
",хха©ё╨884 ╢С©╗(ц©100╨аиЩ)
"
Jax Coco/ГЕй©╦ъ ЁУу╔р╛вссм
",хха©ё╨820 ╢С©╗(ц©100©к)
"
Mabarajab's Choice кжсм
",хха©ё╨884 ╢С©╗(ц©100©к)
"
ци╡щоЦ ягбИвясм
",хха©ё╨884 ╢С©╗(ц©100╨аиЩ)
"
вщ╠╕ п╥╩фсм
",хха©ё╨406 ╢С©╗(ц©100©к)
"
бМхЭбч ль╪╤ЁУу╔ИоИ╜см
",хха©ё╨807 ╢С©╗(ц©100╨аиЩ)
"
нЕ╥А ╩╗╫╥см
",хха©ё╨805 ╢С©╗(ц©100╨аиЩ)
"
╠ёиЗлц ягбИвясм
",хха©ё╨884 ╢С©╗(ц©100╨аиЩ)
"
╟╡╪я ╩фсмё╗спянё╘
",хха©ё╨733 ╢С©╗(ц©100©к)
"
ц╥хЭ╣бк╧ ль╪╤ЁУу╔ИоИ╜см
",хха©ё╨810 ╢С©╗(ц©100╨аиЩ)
"
╦ёю╢©╣л╘ ягбИвясЯцвйЁсц╣В╨мсм
",хха©ё╨883 ╢С©╗(ц©100╨аиЩ)
"
Terra Creta/©кюОльж╝╧Б ль╪╤ЁУ...
",хха©ё╨814 ╢С©╗(ц©100╨аиЩ)
"
╦ёаыце ╢©оЦ╢С╤╧смё╗╥гв╙╩ЫрРё╘
",хха©ё╨883 ╢С©╗(ц©100©к)
"
йЯ╬еоЦ ж╔бИ╣В╨мсм
",хха©ё╨884 ╢С©╗(ц©100╨аиЩ)
"
ю╜╤ею╤гг я╧у╔ягбИвясм
",хха©ё╨884 ╢С©╗(ц©100╨аиЩ)
"
╦й╣ы ль╪╤ЁУу╔ИоИ╜см
",хха©ё╨804 ╢С©╗(ц©100©к)
"
нВмУжгюШ╤Ю сп╩ЗягбИвясм
",хха©ё╨883 ╢С©╗(ц©100╨аиЩ)
"
Ё╓╟в╧╓╥╩ сп╩Зс╓св╤Ыв╟ягбИвясм
",хха©ё╨884 ╢С©╗(ц©100╨аиЩ)
"
Balade ╣мж╛╩фсм
",хха©ё╨386 ╢С©╗(ц©100©к)
"
Lucerne  ойдлсм
",хха©ё╨300 ╢С©╗(ц©100©к)
"
╫ПаЗсЦ ╢©оЦ╢С╤╧см
",хха©ё╨884 ╢С©╗(ц©100╨аиЩ)
"
Kirkland ль╪╤юДя╧ЁУу╔ИоИ╜см
",хха©ё╨824 ╢С©╗(ц©100╨аиЩ)
"
╦ёю╢©╣л╘ вокувясм
",хха©ё╨884 ╢С©╗(ц©100╨аиЩ)
"
Gold'n Canola ╕╦-3см
",хха©ё╨813 ╢С©╗(ц©100©к)
"
╟╝╤х аЫ╤хлА╢©ягбИвясм
",хха©ё╨883 ╢С©╗(ц©100╨аиЩ)
"
оЦ╠ь╬с ой╩╗╫╥см
",хха©ё╨883 ╢С©╗(ц©100╨аиЩ)
"
Ё╓╟в╧╓╥╩ сп╩Здо╧овясм
",хха©ё╨884 ╢С©╗(ц©100╨аиЩ)
"
ю╤╤Ю╨З/Land O Lakes еГиД╣мж╛ойдлсм
",хха©ё╨300 ╢С©╗(ц©100©к)
"
╦ёю╢©╣л╘ сп╩ЗюДу╔ягбИвясм
",хха©ё╨883 ╢С©╗(ц©100╨аиЩ)
"
Aurora ИоИ╜см
",хха©ё╨800 ╢С©╗(ц©100╨аиЩ)
"
пр╦ёп║е╘ ╨з╤╧см
",хха©ё╨891 ╢С©╗(ц©100╨аиЩ)
"
е╥╣ык╧ ЁУу╔ИоИ╜см
",хха©ё╨884 ╢С©╗(ц©100╨аиЩ)
"
©и©и╩Ц ЁУу╔р╛вссм
",хха©ё╨880 ╢С©╗(ц©100╨аиЩ)
"
╤Юцюой suki нчян╩фсм
",хха©ё╨179 ╢С©╗(ц©100©к)
"
╦╔юй╤Ю ль╪╤ЁУу╔ИоИ╜см
",хха©ё╨884 ╢С©╗(ц©100©к)
"
е╥юЖч╠ю╪ ль╪╤ЁУу╔ИоИ╜см
",хха©ё╨884 ╢С©╗(ц©100╨аиЩ)
йЁнОцШЁф,хха©
"
ф╩╧Шё╛сж╫плофе║╒Хм║╒Хмвс║╒ф╣фе║╒ф╫╡╗║╒лЛх╩вс
",хха©ё╨53 ╢С©╗(ц©100©к)
"
╢С╟в╡кё╛сж╫п╟в╡к
",хха©ё╨20 ╢С©╗(ц©100©к)
"
п║╟в╡кё╛сж╫пгЮ╡к║╒см╟в╡к║╒╟в╡кяМ║╒╟в╡к
",хха©ё╨17 ╢С©╗(ц©100©к)
"
оЦ╫╤ё╛сж╫п╫╤вс║╒╫╤╧Ш║╒╦й╫╤
",хха©ё╨93 ╢С©╗(ц©100©к)
"
╥╛гяё╛сж╫пнВ╨Лйа║╒яСйавс║╒юглр║╒╥╛юНвс║╒╫П...
",хха©ё╨15 ╢С©╗(ц©100©к)
"
╩ф╧оё╛сж╫пгЮ╧о
",хха©ё╨16 ╢С©╗(ц©100©к)
"
нВ╧оё╛сж╫п╨╝╧о║╒лЛиЗ╟в╩╒лю║╒од╧о║╒к╝╧о
",хха©ё╨31 ╢С©╗(ц©100©к)
"
лрвсё╛сж╫плр
",хха©ё╨42 ╢С©╗(ц©100©к)
"
ио╨ёгЮё╛сж╫пгЮ╡кё╛п║гЮ╡к
",хха©ё╨18 ╢С©╗(ц©100©к)
"
╨Л╦╩й©ф╩╧Ш
",хха©ё╨49 ╢С©╗(ц©100©к)
"
Ёхё╛сж╫пЁхвс║╒╫ПгР║╒оЦЁх║╒╩фЁх║╒фЙЁх
",хха©ё╨48 ╢С©╗(ц©100©к)
"
╡кпдё╛сж╫п╟в╡кч╥║╒ч╥╡к
",хха©ё╨28 ╢С©╗(ц©100©к)
"
Хжвсё╛сж╫пнд╣╘║╒оЦев║╒к╙Хж║╒ЁТЁх║╒Хж
",хха©ё╨42 ╢С©╗(ц©100©к)
"
╟вбэ╡╥ё╛сж╫пбэ╡╥║╒юЁщй
",хха©ё╨16 ╢С©╗(ц©100©к)
"
юФё╛сж╫пюФвс║╒©Л╧Ш║╒сЯхИ║╒╧Швз║╒цш╦╦║╒я╘юФ...
",хха©ё╨51 ╢С©╗(ц©100©к)
"
╩╗╡кё╛сж╫п╡к╩╗║╒╩╗р╛╡к║╒р╛╩╗╡к║╒яС╩╗╡к
",хха©ё╨20 ╢С©╗(ц©100©к)
"
╫АгР╦йю╤(воё╘ё╛сж╫пво╦йю╤║╒╦йю╤
",хха©ё╨25 ╢С©╗(ц©100©к)
"
╤╛тФё╛сж╫птФвсё╛тФ
",хха©ё╨113 ╢С©╗(ц©100©к)
"
Б╗╨Олрё╛сж╫пц╚лр║╒лыюФ║╒эиЁЧ║╒яРлр║╒ц╚юФ║╒...
",хха©ё╨61 ╢С©╗(ц©100©к)
"
до╧оё╛сж╫пбС╧о║╒╥╛╧о║╒ыа╧о║╒╫П╧о║╒╥Э╧о║╒╥╧...
",хха©ё╨23 ╢С©╗(ц©100©к)
"
╨Збэ╡╥ё╗юоё╘ё╛сж╫пбэ╡╥║╒╩фбэ╡╥║╒╤║оЦбэ╡╥║╒...
",хха©ё╨39 ╢С©╗(ц©100©к)
"
иЗ╡кё╛сж╫пеёюЧ
",хха©ё╨16 ╢С©╗(ц©100©к)
"
Иывсё╛сж╫пИы╦л║╒╦лИы║╒╫ш╦лвс
",хха©ё╨44 ╢С©╗(ц©100©к)
"
д╬╧оё╛сж╫пхИ╧о║╒д╬юФ║╒нд╧з╧Ш
",хха©ё╨30 ╢С©╗(ц©100©к)
"
фоляё╛сж╫п╡щаЗжИ║╒и╫╨Ыб╚║╒фялр║╒фплАвс║╒
",хха©ё╨45 ╢С©╗(ц©100©к)
"
сёлр╥╛гяё╗й╔е╝╧Шё╘ё╛сж╫пфоля╥╛гя║╒п║нВ╨Лйа...
",хха©ё╨25 ╢С©╗(ц©100©к)
"
╤╛╧оё╛сж╫п╟в╧о║╒к╝ж╔║╒╣ьж╔║╒уМ╧о║╒Е╖╧о║╒╟в...
",хха©ё╨12 ╢С©╗(ц©100©к)
"
╨Збэ╡╥ё╗дшё╘ё╛сж╫пбэ╡╥║╒╨Збэщй║╒╩фбэ╡╥║╒╫П...
",хха©ё╨32 ╢С©╗(ц©100©к)
"
╬Мпд╡кё╗╟Э╡кё╛т╡╟в╡кё╘ё╛сж╫пт╡╟в╡кё╛╟Э╡кё╛╦йю╤
",хха©ё╨24 ╢С©╗(ц©100©к)
"
╨ЛтФ(ой)ё╛сж╫п╨ЛтФ║╒цютФ║╒а╪тФ
",хха©ё╨125 ╢С©╗(ц©100©к)
"
╨ЛтФ(╦и)ё╛сж╫п╨ЛтФ║╒╢СтФ║╒тФвс
",хха©ё╨276 ╢С©╗(ц©100©к)
"
жЯкЯё╛сж╫пкЯ║╒ц╚кЯ║╒жЯя©║╒жЯцх
",хха©ё╨23 ╢С©╗(ц©100©к)
"
д╬╤З(к╝╥╒)ё╛сж╫п╨зд╬╤З║╒тф╤З
",хха©ё╨27 ╢С©╗(ц©100©к)
"
╦л╫шё╛сж╫п╫швс
",хха©ё╨51 ╢С©╗(ц©100©к)
"
╡╓╡кё╛сж╫п╡╓юБ╡к║╒ЁЮ╦Ы╡к║╒╡╗к╧╡щ║╒ПпПд╡к║╒...
",хха©ё╨28 ╢С©╗(ц©100©к)
"
╡╓бэё╛сж╫п╥╛юФ║╒б╤╤╣вс║╒╥ОюФ
",хха©ё╨44 ╢С©╗(ц©100©к)
"
╩ПаЗ╧Шё╛сж╫поицш╧Ш║╒╨ЛаЗ╧Ш
",хха©ё╨55 ╢С©╗(ц©100©к)
"
╡щщ╝ё╛сж╫п╢С╡щщ╝║╒й©╤Юф║юФ║╒╨Лщ╝║╒╣ьщ╝
",хха©ё╨32 ╢С©╗(ц©100©к)
"
нВю╪╩╗ё╛сж╫пбл╡к╩╗║╒нВю╪╩╗╡к║╒нВю╤╩╗
",хха©ё╨36 ╢С©╗(ц©100©к)
"
ц╒╧Шё╛сж╫пБжбч╧Ш║╒цй╧Ш║╒цшмШвс║╒оЦ╦г
",хха©ё╨35 ╢С©╗(ц©100©к)
"
╤╧я©ё╗бл╤╧я©ё╘ё╛сж╫пгия©║╒╤╧я©╡к║╒хГрБ╡к║╒...
",хха©ё╨16 ╢С©╗(ц©100©к)
"
оЦ╧╫ё╗ойё╘ё╛сж╫п╤╛╧╫║╒оЦ╬З║╒в╕щт║╒╩╗╧╫║╒оЦ...
",хха©ё╨26 ╢С©╗(ц©100©к)
"
гявсё╛сж╫пбДку║╒гя╧о
",хха©ё╨23 ╢С©╗(ц©100©к)
"
╧Чцэ╧оё╛сж╫плП╧о
",хха©ё╨34 ╢С©╗(ц©100©к)
"
лП╧оё╛сж╫п╦й╧о║╒©Б╨Иё╗н╛нА╤ШсОё╘
",хха©ё╨26 ╢С©╗(ц©100©к)
"
юНвсё╛сж╫п╡╪юй║╒╢ЮюН║╒╫ПиЁюН║╒╪нгЛвс║╒юНй╣...
",хха©ё╨38 ╢С©╗(ц©100©к)
"
╨ё╢Ьё╗╫Чё╘ё╛сж╫п╫╜╟в╡кё╛ю╔╡╪
",хха©ё╨16 ╢С©╗(ц©100©к)
"
гш╡кё╗р╘гшё╘ё╛сж╫п╨╣гш║╒яЫгш╡к║╒р╘гш║╒оЦгш...
",хха©ё╨13 ╢С©╗(ц©100©к)
"
м╗пд╡кё╗©упд╡кё╘ё╛сж╫пчЁ╡к
",хха©ё╨23 ╢С©╗(ц©100©к)
"
фоляХжё╗нВХжё╘ё╛сж╫п╨ЛХж║╒╨ЛпдХж
",хха©ё╨33 ╢С©╗(ц©100©к)
"
д╬╤З(╦и)ё╛сж╫п╨зд╬╤З║╒тф╤З║╒иё╤З║╒ки╤З
",хха©ё╨265 ╢С©╗(ц©100©к)
"
мЦ╤╧цГё╛сж╫п╤╧цГ
",хха©ё╨32 ╢С©╗(ц©100©к)
"
п║╢пё╛сж╫поЦ╢п║╒цЮ╢п║╒╩П╢п║╒╢п
",хха©ё╨27 ╢С©╗(ц©100©к)
"
фоля╦и
",хха©ё╨344 ╢С©╗(ц©100©к)
"
гЮ╫╥ё╛сж╫пгЮю╠╫╥║╒╪Б╫╥║╒╨ё╫╥
",хха©ё╨22 ╢С©╗(ц©100©к)
"
яС╢пё╛сж╫пяС╢пм╥║╒сЯ╢п║╒╢пм╥║╒т╡╢п║╒гР╢п║╒╢пм╥
",хха©ё╨40 ╢С©╗(ц©100©к)
"
╫ПуК╧╫ё╛сж╫пфсщт ║╒╧╧╬З║╒╤Ё╬З║╒╫П╧╫║╒ц╚╠З...
",хха©ё╨32 ╢С©╗(ц©100©к)
"
а╚е╨ё╛сж╫пе╨
",хха©ё╨47 ╢С©╗(ц©100©к)
"
╨ЛлАвсфоляё╛сж╫плАвс║╒╨ЛлА
",хха©ё╨54 ╢С©╗(ц©100©к)
"
╨ё╢Ьё╗ойё╘ё╛сж╫пю╔╡╪║╒╫╜╟в╡к║╒бз╡╪║╒╨ёю╔╡╪...
",хха©ё╨13 ╢С©╗(ц©100©к)
"
юСж╕ё╛сж╫п╣╓юС║╒юЖж╕║╒оЦ╧Ш║╒юуюС║╒юКж╖
",хха©ё╨71 ╢С©╗(ц©100©к)
"
иЗ╡к(р╤сцщ╚эд)
",хха©ё╨12 ╢С©╗(ц©100©к)
"
╫АгР╦йю╤ё╗блё╘ё╛сж╫п╦йю╤║╒╬Мпд╡к║╒╟Эпд╡к║╒...
",хха©ё╨26 ╢С©╗(ц©100©к)
"
сёлрё╛сж╫пЁ╣юЕвс║╒щ╨лр║╒╨╛лр║╒╬ёлр║╒жЛсё║╒...
",хха©ё╨46 ╢С©╗(ц©100©к)
"
╤╧я©ё╗╩ф╤╧я©ё╘ё╛сж╫п╢С╤╧я©║╒гЕк╝╤╧я©
",хха©ё╨47 ╢С©╗(ц©100©к)
"
©Ю╧оё╛сж╫па╧╧о║╒Я╝╧о║╒╫УюСж╕║╒Я╝фоля
",хха©ё╨22 ╢С©╗(ц©100©к)
"
п║р╤╫ш
",хха©ё╨40 ╢С©╗(ц©100©к)
"
ц╚╤╧ё╛сж╫пж╕╤╧║╒╡ксц╢С╤╧
",хха©ё╨131 ╢С©╗(ц©100©к)
"
╤╧╫г
",хха©ё╨34 ╢С©╗(ц©100©к)
"
гш╡к╬╔
",хха©ё╨22 ╢С©╗(ц©100©к)
"
╤Л╩фюФ
",хха©ё╨41 ╢С©╗(ц©100©к)
"
к©╧оё╛сж╫плЛк©╧о║╒лЛбч║╒цш╧о║╒╡╪╧о║╒лЛ╣У╧о...
",хха©ё╨20 ╢С©╗(ц©100©к)
"
╬ч╥Ефоля
",хха©ё╨51 ╢С©╗(ц©100©к)
"
╟вю╪╧оё╛сж╫пю╪жщ╧о║╒╩╙юЁй©║╒ю╪жщцш╧о
",хха©ё╨23 ╢С©╗(ц©100©к)
"
бМдлвсфоля
",хха©ё╨41 ╢С©╗(ц©100©к)
"
во╡к(╦и)ё╛сж╫пкВ╡к║╒вс╡к║╒╦йво╡к
",хха©ё╨250 ╢С©╗(ц©100©к)
"
╧З╧Бф╩╧Ш
",хха©ё╨56 ╢С©╗(ц©100©к)
"
кд╪╬╤╧ё╛сж╫п╡к╤╧║╒╤╧╫г║╒╟в╥╧╤╧║╒тф╠Б╤╧║╒аЗ...
",хха©ё╨31 ╢С©╗(ц©100©к)
"
щ╚кЯё╛сж╫пщ╚эд║╒╢╨╡к║╒иЗкЯ║╒г╖╫П╡к║╒╬╔сцщ╚...
",хха©ё╨15 ╢С©╗(ц©100©к)
"
д╒╧╫(ойд╒)ё╛сж╫пч╕║╒╬З║╒хв║╒д╒щт║╒д╒╧╫ч╕...
",хха©ё╨24 ╢С©╗(ц©100©к)
"
Ё╓╟яюФ
",хха©ё╨62 ╢С©╗(ц©100©к)
"
рЬ╤З(╦и)ё╛сж╫п╟вд╬╤З║╒я╘╤З
",хха©ё╨261 ╢С©╗(ц©100©к)
"
тФё╗╦иё╛╢С)
",хха©ё╨317 ╢С©╗(ц©100©к)
"
псё╛сж╫ппс╧Ш║╒лПц╥║╒╟х╢Опс║╒псй╣║╒псвс
",хха©ё╨38 ╢С©╗(ц©100©к)
"
яНц╥ё╛сж╫паЗ╬╕║╒жЛ╨Л║╒к╝яНц╥║╒╟в╣ыц╥║╒йВц╥
",хха©ё╨30 ╢С©╗(ц©100©к)
"
гш╡кё╗к╝гшё╘ё╛сж╫пк╝гш╡к║╒╣╤гш║╒йЯгш║╒р╟гш╡к
",хха©ё╨13 ╢С©╗(ц©100©к)
"
╬б╡кё╛сж╫пвЁяТ╡щ║╒╦ояТ╡щ║╒Ё╓иЗ╡щ║╒фПяТ╡щ
",хха©ё╨25 ╢С©╗(ц©100©к)
"
вофоля
",хха©ё╨45 ╢С©╗(ц©100©к)
"
нВ╧о(╬╘пюр╩╨е)
",хха©ё╨34 ╢С©╗(ц©100©к)
"
юНвспс
",хха©ё╨37 ╢С©╗(ц©100©к)
"
нВ╨Ыб╚ё╛сж╫п╫а╧о║╒╟вдо╧о
",хха©ё╨19 ╢С©╗(ц©100©к)
"
╩фоЦ╫╤ф╩╧Ш
",хха©ё╨53 ╢С©╗(ц©100©к)
"
см╡кпд
",хха©ё╨24 ╢С©╗(ц©100©к)
"
гш╡кё╗нВгшё╘ё╛сж╫пнВяСгш╡к║╒цюгш
",хха©ё╨17 ╢С©╗(ц©100©к)
"
╥╛й╞аЯё╛сж╫п╟еюж
",хха©ё╨53 ╢С©╗(ц©100©к)
"
ф╫╧╫ё╛сж╫п╡Ю╤З║╒╤З╧╫║╒гЮд╒║╒╠╠╥Г╬З║╒Р╨╬З║╒...
",хха©ё╨17 ╢С©╗(ц©100©к)
"
ф╩╧ШюФ
",хха©ё╨53 ╢С©╗(ц©100©к)
"
мчмч╡к
",хха©ё╨13 ╢С©╗(ц©100©к)
"
╟в╥шлр
",хха©ё╨26 ╢С©╗(ц©100©к)
"
лП╫╥ё╛сж╫пгЮйавс╫╥║╒╡к╫╥║╒╢Д╫╥║╒╨ё╫╥║╒йавс...
",хха©ё╨18 ╢С©╗(ц©100©к)
йЁнОцШЁф,хха©
"
бС╣╠юм бСоЦ╪╕
",хха©ё╨283 ╢С©╗(ц©100©к)
"
смцФ╫Нё╛сж╫пцФ╫Нещ║╒сму╗иЗ╫Н
",хха©ё╨492 ╢С©╗(ц©100©к)
"
г╖рз╤Дпг╧Б рФиЗ╬З╨╛ф╛(кАлПц╒╧Шн╤)
",хха©ё╨379 ╢С©╗(ц©100©к)
"
Easy Fun ╟╒╫╨╦Бё╗ц╣╧Епмё╘
",хха©ё╨426 ╢С©╗(ц©100©к)
"
Easy Fun рФиЗт╙╧Йэъ╦Ю
",хха©ё╨39 ╢С©╗(ц©100©к)
"
ХшХ╫ё╛сж╫п╦йХ╫║╒╧╠Х╫║╒ХшХ╫вс║╒╨Л╤Зв╧║╒╧╤фП...
",хха©ё╨258 ╢С©╗(ц©100©к)
"
Ёбф╓ё╛сж╫пИыф╓║╒╧Сюо║╒╨Лф╓║╒╩фИыф╓║╒╧ЦИыф╓...
",хха©ё╨319 ╢С©╗(ц©100©к)
"
ХИб╔╦Ы╥шё╛сж╫пХИб╔╥ш║╒щД╥ш║╒лЛ╩╗╥ш
",хха©ё╨397 ╢С©╗(ц©100©к)
"
╦П╦Ыё╛сж╫пр╟╦П║╒б╧╩Т║╒╩ф╫О║╒╪╕фК╦Ы║╒╦и╦П║╒...
",хха©ё╨181 ╢С©╗(ц©100©к)
"
╟╒ю╜к╧╪с ©╣а╕й©бщпЩтЕ╦╢╨оф╛
",хха©ё╨335 ╢С©╗(ц©100©к)
"
цю╧ЗGBN╫Ь©з╣╟╟вжй╥ш
",хха©ё╨407 ╢С©╗(ц©100©к)
"
╩╗╥шё╗смкиё╘ё╛сж╫пки╩╗╥ш
",хха©ё╨398 ╢С©╗(ц©100©к)
"
╟╒ю╜к╧╪с ©╣а╕й©хИгЕ╣╟╟в╥шё╗оЦ╡щн╤ё╘
",хха©ё╨395 ╢С©╗(ц©100©к)
"
╬у╩╗ё╗╦иё╘ё╛сж╫п╩Ё╬у╩╗║╒╫з╩╙║╒ху╬╚║╒е╝╫з║╒...
",хха©ё╨242 ╢С©╗(ц©100©к)
"
╩╗╥шё╗эЯбСё╘
",хха©ё╨353 ╢С©╗(ц©100©к)
"
е╕╢чюЁ ╧Шйъокн╛кь╫юф╛
",хха©ё╨488 ╢С©╗(ц©100©к)
"
╟╒ю╜к╧╪с ©╣а╕й©ц╣╧Е╧ШлАх║нО╦╢╨оф╛
",хха©ё╨402 ╢С©╗(ц©100©к)
"
╡ос╪
",хха©ё╨230 ╢С©╗(ц©100©к)
"
╫Пху ╦ъс╙яЬ╣╟╟вжй╥ш
",хха©ё╨197 ╢С©╗(ц©100©к)
"
цв╥шё╗х╦Ё╡ё╘
",хха©ё╨376 ╢С©╗(ц©100©к)
"
хБ╧Пё╛сж╫п╧Пф╓║╒д╣╧П║╒╧П║╒╢С╧П║╒м╡╧П║╒ю╠╧П║╒сЯ╧П
",хха©ё╨278 ╢С©╗(ц©100©к)
"
эРэъё╛сж╫пэРэъ╦Ж║╒эРэъф╓║╒эРэъ©И║╒ЁЮэРэъ║╒...
",хха©ё╨178 ╢С©╗(ц©100©к)
"
хИ╤Ы╦Б
",хха©ё╨366 ╢С©╗(ц©100©к)
"
DHCе╗кУиейЁокн╛╥ш
",хха©ё╨194 ╢С©╗(ц©100©к)
"
бч╨╨╧Шё╛сж╫п╪ы©Ю╧о║╒ю╜╨╨╧Ш║╒╧Б╧Шд╬╠Н║╒
",хха©ё╨246 ╢С©╗(ц©100©к)
"
цв╥шё╗йъ╡кё╛╨Юйоё╘
",хха©ё╨394 ╢С©╗(ц©100©к)
"
╠║╨и(ой)ё╛сж╫поЦ╩╗╡к║╒бл╠║╨и║╒р╧ю╪оЦ║╒р╧...
",хха©ё╨34 ╢С©╗(ц©100©к)
"
иъ
",хха©ё╨85 ╢С©╗(ц©100©к)
"
воку(ой)ё╛сж╫пЁЮку║╒╟вку║╒ку║╒кур╤
",хха©ё╨51 ╢С©╗(ц©100©к)
"
тФхй
",хха©ё╨367 ╢С©╗(ц©100©к)
"
╨Юйоефс╓╤Ыс╙яЬцв╥шDHAйъ╡к©зн╤
",хха©ё╨365 ╢С©╗(ц©100©к)
"
лЛх╩т╙ ф║╬ф╫мд╦╦╢╨ос╙яЬф╛╨╛BвЕн╛иЗкь
",хха©ё╨120 ╢С©╗(ц©100©к)
"
цв╥шё╗╦ъ╣╟╟вё╛х╦Ё╡ё╘
",хха©ё╨409 ╢С©╗(ц©100©к)
"
цв╥шё╗╦ъ╣╟╟вё╛╨Юйоё╘
",хха©ё╨375 ╢С©╗(ц©100©к)
"
╟╒ю╜к╧╪с ©╣а╕й©╧хнОлАх║нО╦╢╨оф╛ё╗╨╛х╚╪р╦ё...
",хха©ё╨210 ╢С©╗(ц©100©к)
"
с╓╤Ыс╙яЬ╥ш
",хха©ё╨426 ╢С©╗(ц©100©к)
"
цю╧ЗокяефФрЛвс
",хха©ё╨536 ╢С©╗(ц©100©к)
"
с╓╤Ыдл╦Б
",хха©ё╨345 ╢С©╗(ц©100©к)
"
╠║╨и(╦и)ё╛сж╫пч╛╨и╡к║╒до╠║╨и║╒ц╗╤Ы╠║╨и║╒...
",хха©ё╨271 ╢С©╗(ц©100©к)
"
╦й╡щё╛сж╫пиЗ╦й╡щ║╒╥ш╦й╡щ║╒╦й╡щир║╒лП╦Ывс║╒...
",хха©ё╨280 ╢С©╗(ц©100©к)
"
цв╥шё╗╨Збэ╡╥ё╛╨Юйоё╘
",хха©ё╨386 ╢С©╗(ц©100©к)
"
╤╛ЁФод╡щё╛сж╫пЁФ╡щ║╒╤╛ЁФ╡щё╗╦йкЮё╘║╒од╡щ╤╛...
",хха©ё╨292 ╢С©╗(ц©100©к)
"
с╙яЬхИ╤Ы╦Б
",хха©ё╨365 ╢С©╗(ц©100©к)
"
╟╒ю╜к╧╪с ©╣а╕й©д╣РцлАх║нОхМ╫╨дрё╗╨╛╦фё╘
",хха©ё╨326 ╢С©╗(ц©100©к)
"
цв╥шё╗жМ╦нйъ╡кё╛╨Юйоё╘
",хха©ё╨391 ╢С©╗(ц©100©к)
"
сеи╞дхокн╛кьё╗к╝цшлрц╒╧Шё╘
",хха©ё╨267 ╢С©╗(ц©100©к)
"
╪╕╦нйъ╡кдЮё╗╨Юйоё╘
",хха©ё╨76 ╢С©╗(ц©100©к)
"
цв╥шё╗сЦхБйъ╡кё╛╨Юйоё╘
",хха©ё╨383 ╢С©╗(ц©100©к)
"
╟вэфё╛сж╫п╥╪оЦ║╒тС╥р║╒оЦ╟вэф
",хха©ё╨324 ╢С©╗(ц©100©к)
"
╬ЖцВ(ой)ё╛сж╫пяРцВ║╒бМлЦ╬ЖцВ║╒╤шр╤╬ЖцВ║╒...
",хха©ё╨1 ╢С©╗(ц©100©к)
"
╫╗╡ЩцВапвс
",хха©ё╨440 ╢С©╗(ц©100©к)
"
п╚вс
",хха©ё╨177 ╢С©╗(ц©100©к)
"
цв╥шё╗╨Збэ╡╥ё╛х╦Ё╡ё╘
",хха©ё╨374 ╢С©╗(ц©100©к)
"
цв╥шё╗╥╛гяё╛╨Юйоё╘
",хха©ё╨391 ╢С©╗(ц©100©к)
"
люЁ╪╠╤╫║╣╟╟в╩Л╨орШао
",хха©ё╨414 ╢С©╗(ц©100©к)
"
╦фжй╦Б╥ш
",хха©ё╨367 ╢С©╗(ц©100©к)
"
цв╥шё╗йъ╡кё╛х╦Ё╡ё╘
",хха©ё╨394 ╢С©╗(ц©100©к)
"
╦ъа╪╫╙ё╛сж╫п╦ъа╧╫╙║╒╨э╫╙║╒бЫ╫╙║╒п║а╪╫╙║╒╨ёа╪╫╙
",хха©ё╨255 ╢С©╗(ц©100©к)
"
цв╥шё╗ф╩╧Шё╛х╦Ё╡ё╘
",хха©ё╨374 ╢С©╗(ц©100©к)
"
╩╗╫╥р╤ё╗╦иё╘
",хха©ё╨236 ╢С©╗(ц©100©к)
"
╫║╤Ы╥ш
",хха©ё╨369 ╢С©╗(ц©100©к)
"
╟╒ю╜к╧╪с ©╣а╕й©╧хнОлАх║нО╦╢╨оф╛ё╗BвЕн╛иЗкьё╘
",хха©ё╨406 ╢С©╗(ц©100©к)
"
╨Л╩╗ё╛сж╫п╩фю╤║╒╨Лю╤║╒╨Лю╤╩╗║╒╡щ╨Л╩╗║╒╢л╨Л...
",хха©ё╨220 ╢С©╗(ц©100©к)
"
╟╒ю╜к╧╪с ©╣а╕й©п║бСеъя©смхМ╫╨др
",хха©ё╨588 ╢С©╗(ц©100©к)
"
а╚вс╫║╤Ы╥ш
",хха©ё╨352 ╢С©╗(ц©100©к)
"
╥Дс╪ё╛сж╫п╥Деъ║╒╥Двп
",хха©ё╨100 ╢С©╗(ц©100©к)
"
д╬И╪ё╛сж╫пт╟И╪
",хха©ё╨539 ╢С©╗(ц©100©к)
"
сеи╞дхокн╛кьё╗псхй©зн╤ё╘
",хха©ё╨303 ╢С©╗(ц©100©к)
"
╥Дс╪ё╗╢С╩ф╥Дё╘
",хха©ё╨109 ╢С©╗(ц©100©к)
"
оихкуф╧Шё╛сж╫поилр
",хха©ё╨25 ╢С©╗(ц©100©к)
"
воку
",хха©ё╨295 ╢С©╗(ц©100©к)
"
Ё╣г╟вс(ой)ё╛сж╫пЁ╣бж╡к║╒Ё╣г╟║╒╣╠╣ю║╒еёиЮ...
",хха©ё╨73 ╢С©╗(ц©100©к)
"
и╟хйё╛сж╫пкУиЁцш║╒кУи╟хй
",хха©ё╨265 ╢С©╗(ц©100©к)
"
ч╫оЦр╤(ой)ё╛сж╫п╤╣б╕феоЦ
",хха©ё╨89 ╢С©╗(ц©100©к)
"
╥Дс╪ё╗см╥Дё╘
",хха©ё╨669 ╢С©╗(ц©100©к)
"
оихкуфё╗йЁсцё╘ё╛сж╫п╥Гн╡??║╒аЗиЮ║╒ф╫бг╡щ...
",хха©ё╨15 ╢С©╗(ц©100©к)
"
╤║оЦё╛сж╫п╧╚всоЦ║╒вс╤║оЦ║╒ж╖╫БоЦ║╒йщоЦ╫©║╒...
",хха©ё╨359 ╢С©╗(ц©100©к)
"
╩╒ух(ой)
",хха©ё╨5 ╢С©╗(ц©100©к)
"
юЁщйвсё╛сж╫пбэ╡╥вс║╒б╚щйвс
",хха©ё╨352 ╢С©╗(ц©100©к)
"
ч╫оЦ
",хха©ё╨264 ╢С©╗(ц©100©к)
"
лЛцю╫║ ╢С╤╧Кд╣╟╟в╥ш
",хха©ё╨280 ╢С©╗(ц©100©к)
"
цЖ╧С╨ёРьк©
",хха©ё╨8 ╢С©╗(ц©100©к)
"
ON/е╥фульци ╟в╫П╣╟╟в╥ш
",хха©ё╨359 ╢С©╗(ц©100©к)
"
╡ии╜ фолялгкАп©©з╥Чр╨
",хха©ё╨0 ╢С©╗(ц©100╨аиЩ)
"
╪н©╣юШ ╢С╤╧╣╟╟вжй╥ш(оЦ╡щ©зн╤)
",хха©ё╨380 ╢С©╗(ц©100©к)
"
ЛШ╠╢ ╨Збэ╡╥дЮ
",хха©ё╨38 ╢С©╗(ц©100©к)
"
втх╩ж╝╪р н╛иЗкьCещлзф╛ ё╗лПЁхн╤ё╘
",хха©ё╨301 ╢С©╗(ц©100©к)
"
сепе еёхИ╦ф╬в╫юф╛
",хха©ё╨410 ╢С©╗(ц©100©к)
"
цю╧З©к╤Ш ф║╬ф╫мд╦с╙яЬф╛
",хха©ё╨170 ╢С©╗(ц©100©к)
"
люЁ╪╠╤╫║ ╤Южжн╛иЗкь©СнОжйф╛ё╗е╝й©пмё╘
",хха©ё╨0 ╢С©╗(ц©100©к)
"
к╧ыЁВхлФ╡м╟Тё╗╡щщ╝╟вги©ка╕н╤ё╘
",хха©ё╨369 ╢С©╗(ц©100©к)
"
Rafferty's Garden ги©ка╕╣╟дл╤Ё
",хха©ё╨101 ╢С©╗(ц©100©к)
"
пбйЁа╕ сп╩ЗкыйЁцФё╗╨Збэ╡╥©зн╤ё╘
",хха©ё╨372 ╢С©╗(ц©100©к)
"
яееЮ╫Пв╟о╡©╣╠╕пгс╓╤ЫеД╥╫дл╥шжг╩╓100
",хха©ё╨503 ╢С©╗(ц©100©к)
"
╩ф╫П╢Н╣╣ н╛иЗкьC╨╛ф╛
",хха©ё╨0 ╢С©╗(ц©100©к)
"
©фа╕╦ё гОюФ╦Ю
",хха©ё╨131 ╢С©╗(ц©100©к)
"
╦шНЭ ещ╫╥ЁТ╦ивс
",хха©ё╨409 ╢С©╗(ц©100©к)
"
╪на╕т╣ ╨з╤╧╢в╡нф╛║╬гЕЁ╘║©
",хха©ё╨388 ╢С©╗(ц©100©к)
"
NATURE VALLEY ╣╟╟вжйдэа©╟Т
",хха©ё╨475 ╢С©╗(ц©100©к)
"
©╣╤В╠╢ н╛иЗкьCещлзф╛
",хха©ё╨338 ╢С©╗(ц©100©к)
йЁнОцШЁф,хха©
"
╤╧╫╛
",хха©ё╨31 ╢С©╗(ц©100©к)
"
╧овсё╗©Ш╩╗вяё╘ё╛сж╫поРху©Швс║╒лЛ©Швс║╒©Швс...
",хха©ё╨615 ╢С©╗(ц©100©к)
"
╤╧╫╛ё╗лПё╘
",хха©ё╨34 ╢С©╗(ц©100©к)
"
╤╧╦╞╦иё╗╟в╦иё╘ё╛сж╫п╤╧╦и║╒╟в╦и
",хха©ё╨197 ╢С©╗(ц©100©к)
"
╨зж╔бИё╛сж╫пж╔бИвя(╨з)║╒╨ЗбИ║╒╬чй╓
",хха©ё╨559 ╢С©╗(ц©100©к)
"
╤╧╦╞
",хха©ё╨84 ╢С©╗(ц©100©к)
"
╨клрё╗╦иё╘ё╛сж╫п╨клрхй║╒и╫╨клр║╒╨Злрхй║╒г╪...
",хха©ё╨646 ╢С©╗(ц©100©к)
"
╤╧╦╞╩╗ё╛сж╫п╤╧╦╞╩╗║╒╤╧╩╗
",хха©ё╨15 ╢С©╗(ц©100©к)
"
╤╧╦╞(до)ё╛сж╫пдш╤╧╦╞║╒хМ╤╧╦╞
",хха©ё╨87 ╢С©╗(ц©100©к)
"
╩╗иЗё╗Ё╢ё╘
",хха©ё╨601 ╢С©╗(ц©100©к)
"
╩╗иЗцвё╗иЗё╘ё╛сж╫п╩╗иЗхйё╗иЗё╘
",хха©ё╨574 ╢С©╗(ц©100©к)
"
╩╗иЗцвё╗Ё╢ё╘ё╛сж╫п╩╗иЗхйё╗Ё╢ё╘
",хха©ё╨589 ╢С©╗(ц©100©к)
"
╤╧╦╞(╠╠)ё╛сж╫пхМсЯ
",хха©ё╨116 ╢С©╗(ц©100©к)
"
юУвс(йЛ)ё╛сж╫п╟ЕюУ
",хха©ё╨214 ╢С©╗(ц©100©к)
"
╤╧╦╞ф╓ё╛сж╫п╟ыф╛║╒╦╞рб║╒╤╧ф╓║╒смф╓
",хха©ё╨447 ╢С©╗(ц©100©к)
"
╤╧дл╥ш
",хха©ё╨423 ╢С©╗(ц©100©к)
"
╤╧дл
",хха©ё╨30 ╢С©╗(ц©100©к)
"
псхй(©╬╦иё╛╪сян)
",хха©ё╨617 ╢С©╗(ц©100©к)
"
╤╧╦╞дт(╢Ьб╠)ё╛сж╫п╤╧╦╞╩╗
",хха©ё╨48 ╢С©╗(ц©100©к)
"
╩╗иЗё╗ойё╘ё╛сж╫пбД╩╗╡н║╒╥╛╤╧║╒Ё╓иЗ╧Ш║╒бД╣ь...
",хха©ё╨313 ╢С©╗(ц©100©к)
"
псхйё╛сж╫пдопсхй
",хха©ё╨578 ╢С©╗(ц©100©к)
"
╨клр(ой)
",хха©ё╨336 ╢С©╗(ц©100©к)
"
╩ф╤╧ё╛сж╫п╢С╤╧║╒╩ф╢С╤╧║╒ж╕╤╧║╒╡ксц╢С╤╧
",хха©ё╨390 ╢С©╗(ц©100©к)
"
╤╧╦╞╦и(оЦ╦и)ё╛сж╫п╤╧╦и
",хха©ё╨152 ╢С©╗(ц©100©к)
"
©Ш╩╗всё╗длсмоЦ╧овсё╘
",хха©ё╨620 ╢С©╗(ц©100©к)
"
см╤╧╦╞
",хха©ё╨245 ╢С©╗(ц©100©к)
"
╤╧╫╛╥ш
",хха©ё╨426 ╢С©╗(ц©100©к)
"
дзУ╔╤╧╦╞ё╛сж╫п╤╧╦╞
",хха©ё╨50 ╢С©╗(ц©100©к)
"
псхй(╢С)
",хха©ё╨540 ╢С©╗(ц©100©к)
"
и╫╨клрё╗йЛё╘ё╛сж╫пп║╨клр
",хха©ё╨658 ╢С©╗(ц©100©к)
"
╩╗иЗё╗©╬║╒цэхупкефё╘
",хха©ё╨475 ╢С©╗(ц©100©к)
"
©╙пд╧Шё╗йЛё╘
",хха©ё╨631 ╢С©╗(ц©100©к)
"
кь╪╕
",хха©ё╨194 ╢С©╗(ц©100©к)
"
╨з╤╧ё╛сж╫п╨з╢С╤╧║╒нз╤╧║╒Иж╤╧║╒бМао╤╧║╒ао╤╧...
",хха©ё╨401 ╢С©╗(ц©100©к)
"
╤╧╦╞╦и(б╠╦и)ё╛сж╫п╤╧╦и
",хха©ё╨339 ╢С©╗(ц©100©к)
"
яЭ╧Шё╗йЛё╘
",хха©ё╨615 ╢С©╗(ц©100©к)
"
нВ╧овс(Ё╢)
",хха©ё╨582 ╢С©╗(ц©100©к)
"
╦╞жЯё╗╦иё╘ё╛сж╫пж╖жЯ║╒лПжЯ║╒╦╞╫Н
",хха©ё╨461 ╢С©╗(ц©100©к)
"
╩╗иЗцвё╗сму╗ё╘ё╛сж╫п╩╗иЗхйё╗сму╗ё╘
",хха©ё╨583 ╢С©╗(ц©100©к)
"
╤╧╦╞к©
",хха©ё╨203 ╢С©╗(ц©100©к)
"
г╖уеё╛сж╫п╟ырЁ║╒ф╓вс║╒╤╧ф╛║╒╦и╤╧╦╞
",хха©ё╨262 ╢С©╗(ц©100©к)
"
╩╗иЗё╗©╬║╒гз╪Сефё╘
",хха©ё╨586 ╢С©╗(ц©100©к)
"
гЮ╤╧ё╛сж╫пгЮ╢С╤╧
",хха©ё╨398 ╢С©╗(ц©100©к)
"
╤╧╦╞╦и(╫╢см╦и)ё╛сж╫п╤╧╦и
",хха©ё╨157 ╢С©╗(ц©100©к)
"
яЭ╧Шё╛сж╫п╪╕яЭ╧Ш║╒╫Ийы╧Ш
",хха©ё╨559 ╢С©╗(ц©100©к)
"
а╚вс(╦и)ё╛сж╫па╚╠╕║╒а╚цв║╒е╨й╣║╒к╝ж╔║╒╣╓...
",хха©ё╨350 ╢С©╗(ц©100©к)
"
и╫╨клрё╗╦иё╘
",хха©ё╨616 ╢С©╗(ц©100©к)
"
╨зж╔бИ╨Щ╥ш
",хха©ё╨408 ╢С©╗(ц©100©к)
"
╤╧╦╞╦и(п║оЦ╦и)ё╛сж╫п╤╧╦и
",хха©ё╨174 ╢С©╗(ц©100©к)
"
псхй(т╜н╤)ё╛сж╫п╠╠псхй║╒пс╨кхй║╒псвс║╒псхк
",хха©ё╨596 ╢С©╗(ц©100©к)
"
юУвс(ой)ё╛сж╫п╟ЕюУ║╒╢СюУ║╒юУ╧Ш║╒ц╚юУ║╒фЕ...
",хха©ё╨188 ╢С©╗(ц©100©к)
"
©Ш╩╗вс(Ё╢)
",хха©ё╨625 ╢С©╗(ц©100©к)
"
до╧овс(Ё╢)ё╛сж╫пдо╧овя║╒╟в╧овс
",хха©ё╨582 ╢С©╗(ц©100©к)
"
╤╧╦╞╦и(╡к╦и)ё╛сж╫п╤╧╦и
",хха©ё╨137 ╢С©╗(ц©100©к)
"
юж╧╨е╗╤╧╫╛
",хха©ё╨26 ╢С©╗(ц©100©к)
"
нВ╧овс(╩╟ц╥)
",хха©ё╨567 ╢С©╗(ц©100©к)
"
╩ф╤╧╥шё╛сж╫п╢С╤╧╥ш
",хха©ё╨432 ╢С©╗(ц©100©к)
"
╤╧╦╞╬М
",хха©ё╨203 ╢С©╗(ц©100©к)
"
O'Day Ё╤Ё╤кьхБё╗бИю╠н╤ё╘
",хха©ё╨148 ╢С©╗(ц©100©к)
"
Easy Fun фФягвя
",хха©ё╨428 ╢С©╗(ц©100©к)
"
нВ╧овсё╗йЛё╘ё╛сж╫п╨з╧овс
",хха©ё╨550 ╢С©╗(ц©100©к)
"
псхй(Ё╢)
",хха©ё╨618 ╢С©╗(ц©100©к)
"
псхй(©╬╦иё╛╡╩╪сян)
",хха©ё╨617 ╢С©╗(ц©100©к)
"
╤╧╦╞к©(см)
",хха©ё╨304 ╢С©╗(ц©100©к)
"
╟в╧Ш(╦и)ё╛сж╫прЬпс
",хха©ё╨355 ╢С©╗(ц©100©к)
"
до╧овсхйё╛сж╫п╟в╧овс║╒до╧охй
",хха©ё╨576 ╢С©╗(ц©100©к)
"
И╩вс(╦и)ё╛сж╫п╪БюУ║╒ф╫И╩║╒и╫╥╢юУ
",хха©ё╨561 ╢С©╗(ц©100©к)
"
╟вж╔бИё╛сж╫пж╔бИвя(╟в)
",хха©ё╨536 ╢С©╗(ц©100©к)
"
╤╧╦╞╦и(я╛╦и)ё╛сж╫п╤╧╦и
",хха©ё╨154 ╢С©╗(ц©100©к)
"
кь╩Пмх
",хха©ё╨213 ╢С©╗(ц©100©к)
"
цю╧З╢Спсхй
",хха©ё╨586 ╢С©╗(ц©100©к)
"
псхйё╗йЛ║╒╢Ь©гё╘
",хха©ё╨648 ╢С©╗(ц©100©к)
"
ц╚╨клр
",хха©ё╨184 ╢С©╗(ц©100©к)
"
И╩всхйё╗йЛё╘
",хха©ё╨628 ╢С©╗(ц©100©к)
"
кивс(Ё╢)ё╛сж╫пбчкивс║╒╨ёкивс║╒пббчкивс║╒...
",хха©ё╨644 ╢С©╗(ц©100©к)
"
И╩вс(Ё╢)
",хха©ё╨611 ╢С©╗(ц©100©к)
"
псхйё╗йЛ║╒х╔©гё╘
",хха©ё╨625 ╢С©╗(ц©100©к)
"
пЯкиди╤╧
",хха©ё╨190 ╢С©╗(ц©100©к)
"
юУвс(╨с╠╠г╗нВё╘ё╛сж╫п╟ЕюУё╗╨с╠╠г╗нВё╘
",хха©ё╨182 ╢С©╗(ц©100©к)
"
╤╧╦╞╦и(фя╟Э╦и)
",хха©ё╨135 ╢С©╗(ц©100©к)
"
лрхйё╛сж╫пц╚лрхй║╒╠Блрхй║╒╢Слрхй║╒╧Блрхй║╒Ё╢лрхй
",хха©ё╨429 ╢С©╗(ц©100©к)
"
кивсхйё╛сж╫п╨ёкивс║╒пббчкивс
",хха©ё╨718 ╢С©╗(ц©100©к)
"
╤╧╦╞╦и(ЁТ╦и)
",хха©ё╨99 ╢С©╗(ц©100©к)
"
псхй(╧Щсму╗╦и)
",хха©ё╨631 ╢С©╗(ц©100©к)
"
╤╧╦╞к©(╦и)
",хха©ё╨451 ╢С©╗(ц©100©к)
"
И╩всё╗йЛё╘
",хха©ё╨642 ╢С©╗(ц©100©к)
"
©Ш╩╗всё╗йЛё╘
",хха©ё╨591 ╢С©╗(ц©100©к)
"
оЦИ╪ё╗йЛё╘ё╛сж╫поЦИ╪║╒ЁЮ╧Ш║╒р╟╪╚вс║╒И╪й╣║╒...
",хха©ё╨644 ╢С©╗(ц©100©к)
"
эмй╣цвё╗╦иё╘ё╛сж╫п╪╕м╥цв║╒к╝╪╕м╥║╒╪╕м╥╟З║╒...
",хха©ё╨352 ╢С©╗(ц©100©к)
"
псхй(ф╞╟в╨С)
",хха©ё╨602 ╢С©╗(ц©100©к)
"
кивсё╗йЛё╘
",хха©ё╨553 ╢С©╗(ц©100©к)
"
юУвсё╗и╫╤╚ё╘ё╛сж╫п╟ЕюУё╗и╫╤╚ё╘
",хха©ё╨168 ╢С©╗(ц©100©к)
"
╤╧дл╥шё╗╤Юа╕ефё╘
",хха©ё╨405 ╢С©╗(ц©100©к)
"
до╥╫ нчлг╨зж╔бИ╨Щ
",хха©ё╨416 ╢С©╗(ц©100©к)
"
нВ╧овсхй
",хха©ё╨566 ╢С©╗(ц©100©к)
"
╤╧ж╜(иЗ)
",хха©ё╨10 ╢С©╗(ц©100©к)
"
╧хмЁл╗й╫кьоЦЁ╕
",хха©ё╨189 ╢С©╗(ц©100©к)
"
юУвсё╗╠╠╬╘цэтфё╘ё╛сж╫п╟ЕюУё╗╠╠╬╘цэтфё╘
",хха©ё╨186 ╢С©╗(ц©100©к)
"
кь╪╕к©╬М
",хха©ё╨197 ╢С©╗(ц©100©к)
"
а╚вс(лгк╝╧чм╥)
",хха©ё╨202 ╢С©╗(ц©100©к)
йЁнОцШЁф,хха©
"
╥Дцшё╛сж╫пй╞цш║╒й╞Бб║╒йЁцш║╒цш║╒╟вцш║╒╟виЁ...
",хха©ё╨321 ╢С©╗(ц©100©к)
"
╟ви╟лгё╛сж╫п╟влг║╒лг║╒и╟лг║╒й╞цш║╒╟вк╙лг
",хха©ё╨400 ╢С©╗(ц©100©к)
"
╥Дцшё╗╩╠╩╗ё╘
",хха©ё╨361 ╢С©╗(ц©100©к)
"
╨Ллгё╛сж╫пма╨Ллг║╒╨Ллг
",хха©ё╨389 ╢С©╗(ц©100©к)
"
у╔╡к
",хха©ё╨33 ╢С©╗(ц©100©к)
"
╫╢смё╛сж╫пТЫсм║╒╫╢ж╜║╒ТЫж╜
",хха©ё╨63 ╢С©╗(ц©100©к)
"
╢вё╛сж╫п©Ю╬ф║╒╢╬У║║╒У╣║╒У║
",хха©ё╨31 ╢С©╗(ц©100©к)
"
ж╔бИ╫╢
",хха©ё╨630 ╢С©╗(ц©100©к)
"
╦╞хИ(╨Л)ё╛сж╫пдохИ║╒╫╢╤╧╦╞
",хха©ё╨153 ╢С©╗(ц©100©к)
"
╦╞хИ(╟в)ё╛сж╫п╫╢╤╧╦╞║╒╤╧╦╞хИ
",хха©ё╨135 ╢С©╗(ц©100©к)
"
╩╗иЗ╫╢
",хха©ё╨600 ╢С©╗(ц©100©к)
"
╨Л╤╧иЁ
",хха©ё╨244 ╢С©╗(ц©100©к)
"
ю╠╫╥╫╢ё╛сж╫пю╠╫╥╨Щ
",хха©ё╨36 ╢С©╗(ц©100©к)
"
н╤╬╚ё╛сж╫пн╤кь║╒н╤ж╝кь
",хха©ё╨268 ╢С©╗(ц©100©к)
"
у╔╡кё╗сЦх╙ефё╘
",хха©ё╨51 ╢С©╗(ц©100©к)
"
╠Ылг
",хха©ё╨397 ╢С©╗(ц©100©к)
"
╪╕╬╚
",хха©ё╨195 ╢С©╗(ц©100©к)
"
╥╛гя╫╢ё╛сж╫пгяж╜
",хха©ё╨83 ╢С©╗(ц©100©к)
"
цЮ╟влг
",хха©ё╨396 ╢С©╗(ц©100©к)
"
йЁянё╛сж╫пян║╒ян╟м║╒олУ╨
",хха©ё╨0 ╢С©╗(ц©100©к)
"
иЁю╜╫╢ё╗и╚ю╜╫╢ё╘
",хха©ё╨724 ╢С©╗(ц©100©к)
"
╤╧╟Й╫╢ё╛сж╫п╡о╤╧╫╢
",хха©ё╨181 ╢С©╗(ц©100©к)
"
╤╧иЁ
",хха©ё╨247 ╢С©╗(ц©100©к)
"
у╔╡кё╗уЩажефё╘
",хха©ё╨63 ╢С©╗(ц©100©к)
"
лПцФ╫╢ё╛сж╫пцФ╫╢║╒лП╫╢
",хха©ё╨139 ╢С©╗(ц©100©к)
"
╫╢╩ф╧о
",хха©ё╨26 ╢С©╗(ц©100©к)
"
г╖╣╨иЁю╜╫╢ё╛сж╫пиЁю╜╫╢║╒иЁби╫╢║╒цюдквл
",хха©ё╨475 ╢С©╗(ц©100©к)
"
я╘╡кё╛сж╫пя╘юОч╝
",хха©ё╨39 ╢С©╗(ц©100©к)
"
╥╛гяиЁк╬
",хха©ё╨112 ╢С©╗(ц©100©к)
"
╟в╢в
",хха©ё╨6 ╢С©╗(ц©100©к)
"
ф╩╧Ш╫╢
",хха©ё╨278 ╢С©╗(ц©100©к)
"
╧╛╣╨ ИоИ╜╡к
",хха©ё╨358 ╢С©╗(ц©100©к)
"
ю╠╫╥╥ш
",хха©ё╨290 ╢С©╗(ц©100©к)
"
╥Дцшё╗см╡к╩╗ё╘
",хха©ё╨338 ╢С©╗(ц©100©к)
"
кБхью╠╫╢
",хха©ё╨96 ╢С©╗(ц©100©к)
"
╨З╫╥╥ш
",хха©ё╨361 ╢С©╗(ц©100©к)
"
КГя╘юОч╝ё╛сж╫пКГя╘╡к
",хха©ё╨29 ╢С©╗(ц©100©к)
"
╡щщ╝╫╢
",хха©ё╨270 ╢С©╗(ц©100©к)
"
нЕоЦ╤╧ТЫё╛сж╫п╢С©Ю║╒оЦТЫ║╒©╣╡╝
",хха©ё╨270 ╢С©╗(ц©100©к)
"
╤╧╟Й╫╢(ю╠см)
",хха©ё╨188 ╢С©╗(ц©100©к)
"
╦╞хИ(оЦю╠н╤ё╘
",хха©ё╨158 ╢С©╗(ц©100©к)
"
еёхБ╫╢ё╗╟╒оЦфеё╘
",хха©ё╨488 ╢С©╗(ц©100©к)
"
╨Л╤╧оз
",хха©ё╨261 ╢С©╗(ц©100©к)
"
╤╧╟Йю╠╫╢
",хха©ё╨73 ╢С©╗(ц©100©к)
"
бИю╠╫╢
",хха©ё╨145 ╢С©╗(ц©100©к)
"
тЦ╤╧╦╞хИё╛сж╫птЦхИ
",хха©ё╨157 ╢С©╗(ц©100©к)
"
╧ЦюжоЦю╠ол╡к
",хха©ё╨60 ╢С©╗(ц©100©к)
"
╦╞хИ(ЁТ)ё╛сж╫пЁТ╤╧╦╞║╒ЁТ╦╞хИ
",хха©ё╨132 ╢С©╗(ц©100©к)
"
╫╢см(╦ъ╪╤)
",хха©ё╨71 ╢С©╗(ц©100©к)
"
Ёб╢в
",хха©ё╨114 ╢С©╗(ц©100©к)
"
╤Гю╠╫╥
",хха©ё╨42 ╢С©╗(ц©100©к)
"
©╖Ю╛╥ш
",хха©ё╨341 ╢С©╗(ц©100©к)
"
оЦсмю╠╫╢
",хха©ё╨67 ╢С©╗(ц©100©к)
"
╫╢╩╗иЗцв
",хха©ё╨367 ╢С©╗(ц©100©к)
"
иЗЁИ
",хха©ё╨20 ╢С©╗(ц©100©к)
"
╫╢см(хЩой)
",хха©ё╨41 ╢С©╗(ц©100©к)
"
л╚╧е ╢©уЩ╥╫лг
",хха©ё╨400 ╢С©╗(ц©100©к)
"
кБм╥(лП)ё╛сж╫плгкБ
",хха©ё╨117 ╢С©╗(ц©100©к)
"
╥Дцшё╗с╡цшё╘
",хха©ё╨328 ╢С©╗(ц©100©к)
"
сЦх╙у╔╡кё╗╣мянё╘
",хха©ё╨57 ╢С©╗(ц©100©к)
"
╨ёой╫╢ё╗╟╒оЦфеё╘
",хха©ё╨492 ╢С©╗(ц©100©к)
"
цФ╟Эп╪
",хха©ё╨355 ╢С©╗(ц©100©к)
"
╪рюже╗лю╠╕ё╗юод╦╪╕люё╘
",хха©ё╨171 ╢С©╗(ц©100©к)
"
╢п╟Ибб╢С╫╢ ╢Эв╟180g
",хха©ё╨139 ╢С©╗(ц©100©к)
"
helios╧Ш╟╝╡щщ╝╧Ш╫╢ё╗нчлгё╘
",хха©ё╨105 ╢С©╗(ц©100©к)
"
еём╥еф иЁ╡Х╫╢
",хха©ё╨757 ╢С©╗(ц©100©к)
"
╩ф╫╢ё╛сж╫п╢С╤╧╫╢║╒╤╧╫╢║╒╢С╫╢
",хха©ё╨138 ╢С©╗(ц©100©к)
"
╦╞хИё╗╟вё╛мУжб╨мефё╘[╫╢╤╧╦╞]
",хха©ё╨153 ╢С©╗(ц©100©к)
"
лПю╠╩ф╧о
",хха©ё╨102 ╢С©╗(ц©100©к)
"
╫╢см(р╩╪╤)
",хха©ё╨66 ╢С©╗(ц©100©к)
"
цю╪╚кАю╠люао
",хха©ё╨323 ╢С©╗(ц©100©к)
"
й╡╫У╡к
",хха©ё╨38 ╢С©╗(ц©100©к)
"
нЕоЦ╥ш
",хха©ё╨359 ╢С©╗(ц©100©к)
"
оЦ╢в
",хха©ё╨68 ╢С©╗(ц©100©к)
"
╫╢╢См╥╡к
",хха©ё╨41 ╢С©╗(ц©100©к)
"
сЦвс╫╢ё╛сж╫псЦвя╫╢
",хха©ё╨201 ╢С©╗(ц©100©к)
"
сЦх╙ефойоЦу╔╡к
",хха©ё╨74 ╢С©╗(ц©100©к)
"
╪рюж╥╛гяиЁк╬
",хха©ё╨94 ╢С©╗(ц©100©к)
"
юоЁИ
",хха©ё╨129 ╢С©╗(ц©100©к)
"
э╫хьоййълю
",хха©ё╨388 ╢С©╗(ц©100©к)
"
╩╗╫╥ё╛сж╫п╢С╫╥║╒йЯ╫╥║╒╣Ц╫╥
",хха©ё╨316 ╢С©╗(ц©100©к)
"
бэ╡╥╦иё╛сж╫п╡к╦╛
",хха©ё╨67 ╢С©╗(ц©100©к)
"
SMUCKER'S╨ЛйВщ╝╧Ш╫╢
",хха©ё╨250 ╢С©╗(ц©100©к)
"
TEDDIE ╩╗иЗ╫╢(©еаё)
",хха©ё╨594 ╢С©╗(ц©100©к)
"
еёхБю╠╟Й╫╢
",хха©ё╨129 ╢С©╗(ц©100©к)
"
╦╞хИё╗╟вё╛й╞╠╕у╞ефё╘[╫╢╤╧╦╞]
",хха©ё╨115 ╢С©╗(ц©100©к)
"
╫╢см(╤Юн╤)
",хха©ё╨86 ╢С©╗(ц©100©к)
"
╫╢д╒╧╫
",хха©ё╨122 ╢С©╗(ц©100©к)
"
кАю╠во╡клю
",хха©ё╨339 ╢С©╗(ц©100©к)
"
╟к╠╕╡кё╛сж╫пхГрБ╡к
",хха©ё╨78 ╢С©╗(ц©100©к)
"
КГ╫Ф╡км╥ё╛сж╫пжС╫Фё╛жС╦М╢Я
",хха©ё╨44 ╢С©╗(ц©100©к)
"
╪рюжефе╗лю╠╕ё╗еёхБн╤ё╘
",хха©ё╨184 ╢С©╗(ц©100©к)
"
нЕоЦ╢в
",хха©ё╨14 ╢С©╗(ц©100©к)
"
╪рюжефе╗лю╠╕ё╗е╗╩╛сЦлюё╘
",хха©ё╨161 ╢С©╗(ц©100©к)
"
╩ф╤╧╫╢см
",хха©ё╨38 ╢С©╗(ц©100©к)
"
╧БцВдлюр╫╢ё╗т╜н╤ё╘
",хха©ё╨276 ╢С©╗(ц©100©к)
"
КГ╬б╡к╩╗
",хха©ё╨17 ╢С©╗(ц©100©к)
"
╩╗иЗ╫╢ё╗╪сги©ка╕ё╘
",хха©ё╨633 ╢С©╗(ц©100©к)
"
╪рюжеф╨ёойлю
",хха©ё╨323 ╢С©╗(ц©100©к)
"
╨ё╩Акб╟в╡к╤╧╦╞хИ
",хха©ё╨93 ╢С©╗(ц©100©к)
йЁнОцШЁф,хха©
"
╪╕╣╟ё╛сж╫п╪╕вс║╒╪╕бя║╒╣╟
",хха©ё╨144 ╢С©╗(ц©100©к)
"
жМп║ееё╛сж╫пее╧г║╒жМее
",хха©ё╨278 ╢С©╗(ц©100©к)
"
╪╕ё╗ма╪╕ё╛╪ряЬ)
",хха©ё╨124 ╢С©╗(ц©100©к)
"
╪╕ё╗д╦╪╕ё╛р╩дЙдзё╘
",хха©ё╨256 ╢С©╗(ц©100©к)
"
╪╕ё╗хБ╪╕ё╛╥йё╘
",хха©ё╨389 ╢С©╗(ц©100©к)
"
я╪хБё╛сж╫пя╪вс║╒ПмхБ║╒╪рыЛхБ
",хха©ё╨240 ╢С©╗(ц©100©к)
"
жМлЦё╛сж╫пжМ╫е║╒жМйж║╒жМлЦв╕
",хха©ё╨260 ╢С©╗(ц©100©к)
"
С╕п╥ё╗╨сп╥ё╘ё╛сж╫пС╕п╥║╒ц╚п╥║╒╣╬п╥║╒жп╩╙хч...
",хха©ё╨103 ╢С©╗(ц©100©к)
"
жМхБ(йщ)ё╛сж╫пжМ╬╚хБё╛йщхБ
",хха©ё╨143 ╢С©╗(ц©100©к)
"
╪╕╣╟ё╗жСё╘ё╛сж╫пк╝жС╣╟ё╛╟вжС╣╟ё╛жС╣╟ё╛жС╪╕╣╟
",хха©ё╨151 ╢С©╗(ц©100©к)
"
╪╕╣╟╟вё╗╪╕╣╟гЕё╘ё╛сж╫п╪╕╣╟╟в║╒╪╕╣╟гЕ║╒╣╟гЕ║╒╣╟╟в
",хха©ё╨60 ╢С©╗(ц©100©к)
"
╩ПмхЁ╕
",хха©ё╨212 ╢С©╗(ц©100©к)
"
╪╕пь╦╛хБё╛сж╫п╪╕аЬхБ║╒╪╕юО╪╧хБ║╒╪╕пь║╒╪╕пьхБ
",хха©ё╨133 ╢С©╗(ц©100©к)
"
еёхБё╗еёКНё╘ё╛сж╫п╦╧╡©хБ
",хха©ё╨332 ╢С©╗(ц©100©к)
"
╨и╟Э╣╟ё╗см╪Её╘ё╛сж╫п╨и╟Э╣╟║╒╪Е╣╟║╒╪Е╨и╟Э╣╟...
",хха©ё╨199 ╢С©╗(ц©100©к)
"
оля╪╣╟ё╛сж╫пян╣╟║╒КГ╣╟║╒н╤╣╟
",хха©ё╨190 ╢С©╗(ц©100©к)
"
жМхБ(╥ййщ)ё╛сж╫пУ╧хБ║╒ЕИхБ
",хха©ё╨395 ╢С©╗(ц©100©к)
"
мъ╧ч╪╕люё╗╨╛аоё╘
",хха©ё╨190 ╢С©╗(ц©100©к)
"
мъ╧ч╪╕люё╗нчаоё╘
",хха©ё╨27 ╢С©╗(ц©100©к)
"
жМп║ееё╗а╪тсжМё╘
",хха©ё╨351 ╢С©╗(ц©100©к)
"
ки╩╗╣╟(╪╕╣╟)ё╛сж╫пф╓╣╟║╒╠Д╣╟║╒╡й╣╟║╒╪Н╣╟║╒дЮ╣╟
",хха©ё╨178 ╢С©╗(ц©100©к)
"
жМхБ(дл╦╛)ё╛сж╫пхМнЕ╩╗║╒дл╦╛║╒нЕ╩╗хБ
",хха©ё╨349 ╢С©╗(ц©100©к)
"
жМ╢Сееё╛сж╫пжМее
",хха©ё╨264 ╢С©╗(ц©100©к)
"
еёхБ(╥ййщ)ё╛сж╫п╥йеё
",хха©ё╨125 ╢С©╗(ц©100©к)
"
еёхБ(юО╪╧)ё╛сж╫пеёюО╪╧
",хха©ё╨107 ╢С©╗(ц©100©к)
"
ки╩╗╣╟(я╪╣╟)ё╛сж╫пф╓╣╟
",хха©ё╨171 ╢С©╗(ц©100©к)
"
╡щсЦё╛сж╫пЖИсЦ║╒╩Лвс║╒╡щЖИ║╒╡щ╟ЭсЦ║╒╡щ╦ЫсЦ...
",хха©ё╨113 ╢С©╗(ц©100©к)
"
╪╕╣╟(ма╪╕)
",хха©ё╨138 ╢С©╗(ц©100©к)
"
╪╕╣╟ё╗╟вф╓ё╘
",хха©ё╨138 ╢С©╗(ц©100©к)
"
╪╕╣╟(╨Лф╓)
",хха©ё╨156 ╢С©╗(ц©100©к)
"
╪╕мхё╛сж╫п╪╕мххБ
",хха©ё╨181 ╢С©╗(ц©100©к)
"
╫╢еёхБ
",хха©ё╨246 ╢С©╗(ц©100©к)
"
сЦмХ
",хха©ё╨107 ╢С©╗(ц©100©к)
"
оЦЁ╕ё╛сж╫пю╟Ё╕║╒доЁ╕║╒╧ЮЁ╕
",хха©ё╨508 ╢С©╗(ц©100©к)
"
еёхБ(йщ)
",хха©ё╨106 ╢С©╗(ц©100©к)
"
©о╣б╩Ы к╠ж╦т╜н╤╪╕
",хха©ё╨346 ╢С©╗(ц©100©к)
"
ЖЙсЦё╛сж╫п╨сЖЙ║╒ЖжсЦ║╒о╡м╥║╒ЖЙ╧овс║╒о╡м╥сЦ...
",хха©ё╨108 ╢С©╗(ц©100©к)
"
╩Пмхё╛сж╫пю╪я╛║╒я╛лЦ║╒домх
",хха©ё╨330 ╢С©╗(ц©100©к)
"
еёхБ╦иё╛сж╫пеё╦и╟м
",хха©ё╨550 ╢С©╗(ц©100©к)
"
оля╪╣╟ё╗жСё╘
",хха©ё╨177 ╢С©╗(ц©100©к)
"
╪╕ЁАё╛сж╫п╪╕рМ║╒╢Св╙мД
",хха©ё╨194 ╢С©╗(ц©100©к)
"
©╬╪╕
",хха©ё╨240 ╢С©╗(ц©100©к)
"
хх╧╥Ё╕
",хха©ё╨307 ╢С©╗(ц©100©к)
"
ПфПх╣╟ё╛сж╫пПхдЯ╣╟║╒ПфПхбя
",хха©ё╨160 ╢С©╗(ц©100©к)
"
юПсЦё╛сж╫паЗцесЦ║╒юП╧увс║╒ЁЮюП║╒╩фюП║╒╟вюП║╒ю╣юП
",хха©ё╨109 ╢С©╗(ц©100©к)
"
цВо╨
",хха©ё╨85 ╢С©╗(ц©100©к)
"
╠╠╬╘©╬я╪
",хха©ё╨436 ╢С©╗(ц©100©к)
"
сЦф╛╦и
",хха©ё╨303 ╢С©╗(ц©100©к)
"
╪╕в╕ё╛сж╫п╪╕уф║╒╥Ов╕║╒╪╕╫е║╒╥ОвЦ
",хха©ё╨254 ╢С©╗(ц©100©к)
"
╪╕╣╟╩фё╛сж╫п╣╟╩ф
",хха©ё╨328 ╢С©╗(ц©100©к)
"
╨и╟Э╣╟ё╗нчсмё╘ё╛сж╫п╪Е╣╟
",хха©ё╨164 ╢С©╗(ц©100©к)
"
╡ФиухБ
",хха©ё╨279 ╢С©╗(ц©100©к)
"
╧Ц╤╚оЦЁ╕
",хха©ё╨433 ╢С©╗(ц©100©к)
"
©о╣б╩Ы пб╟б╤Ша╪©╬ЁА
",хха©ё╨240 ╢С©╗(ц©100©к)
"
╩фсЦ(п║╩ф╩╗сЦ)ё╛сж╫пп║╩ф╩╗сЦ║╒╩ф╩╗сЦ║╒╩╗...
",хха©ё╨99 ╢С©╗(ц©100©к)
"
гЮсЦё╛сж╫пгЮф╓сЦ║╒гЮашсЦ║╒гЮ╩Л║╒ЖК║╒╨зЖИ║╒бщй╗гЮ
",хха©ё╨118 ╢С©╗(ц©100©к)
"
я╪╣╟ё╛сж╫пя╪бя
",хха©ё╨180 ╢С©╗(ц©100©к)
"
жМхБкиё╛сж╫пхБки
",хха©ё╨396 ╢С©╗(ц©100©к)
"
жМхБ(юО╪╧)ё╛сж╫пц╥хБ║╒юО╪╧хБ
",хха©ё╨155 ╢С©╗(ц©100©к)
"
бС╣╠юм бСоЦсЦ
",хха©ё╨253 ╢С©╗(ц©100©к)
"
жМя╙ё╛сж╫пр╨лЕхБ║╒я╙╤╧╦╞║╒я╙╩╗
",хха©ё╨55 ╢С©╗(ц©100©к)
"
жМлЦ(йЛ)
",хха©ё╨260 ╢С©╗(ц©100©к)
"
о╨хйё╗╨Лё╘
",хха©ё╨48 ╢С©╗(ц©100©к)
"
жМхБ(юълУхБ)
",хха©ё╨568 ╢С©╗(ц©100©к)
"
о╨ф╓
",хха©ё╨153 ╢С©╗(ц©100©к)
"
яРхБ╢╝(©╬)
",хха©ё╨206 ╢С©╗(ц©100©к)
"
╩Ын╖о╨
",хха©ё╨101 ╢С©╗(ц©100©к)
"
жМ╦н
",хха©ё╨129 ╢С©╗(ц©100©к)
"
я╪пь╦╛хБ
",хха©ё╨90 ╢С©╗(ц©100©к)
"
о╨╩╒ё╛сж╫по╨╩╒║╒еЩецо╨║╒о╨Ра║╒о╨еювс
",хха©ё╨81 ╢С©╗(ц©100©к)
"
яРхБ(╥ййщ)ё╛сж╫пи╫яРхБ║╒цЮяРхБ║╒яРяЭняхБ║╒яРКН
",хха©ё╨203 ╢С©╗(ц©100©к)
"
╩╗╦РРшё╛сж╫п╩╗╪в
",хха©ё╨45 ╢С©╗(ц©100©к)
"
д╚сЦмХ
",хха©ё╨128 ╢С©╗(ц©100©к)
"
ЖосЦ(к╝╫Ч)
",хха©ё╨75 ╢С©╗(ц©100©к)
"
╩фсЦ(╢С╩ф╩╗сЦ)ё╛сж╫п╢С╩ф╩╗сЦ║╒╩фсЦ║╒╢Сой...
",хха©ё╨97 ╢С©╗(ц©100©к)
"
╢ЬсЦё╛сж╫п╣╤сЦ║╒х╧╢ЬсЦ║╒яю╢Ь║╒╟в╢ЬсЦ║╒аЬ╠ч...
",хха©ё╨127 ╢С©╗(ц©100©к)
"
╢Юф╓Ё╕
",хха©ё╨302 ╢С©╗(ц©100©к)
"
╫╢я╪ё╛сж╫пя╪хБ
",хха©ё╨266 ╢С©╗(ц©100©к)
"
╨со╨
",хха©ё╨87 ╢С©╗(ц©100©к)
"
я╪ЁАё╛сж╫пя╪хБ
",хха©ё╨146 ╢С©╗(ц©100©к)
"
еЮ╦Ыё╗я╛хБё╘
",хха©ё╨181 ╢С©╗(ц©100©к)
"
бС╣╠юм бСюж╪╕
",хха©ё╨281 ╢С©╗(ц©100©к)
"
о╨цвё╛сж╫п╨ёцв║╒╫П╧Ё║╒©╙яС
",хха©ё╨198 ╢С©╗(ц©100©к)
"
бС╣╠юм оЦ╧г╪╕мх
",хха©ё╨217 ╢С©╗(ц©100©к)
"
бС╣╠юм бСю╠╪╕ЁА
",хха©ё╨210 ╢С©╗(ц©100©к)
"
ЖПсЦё╛сж╫прЬЖП║╒╬╣сЦ ЖПсЦ
",хха©ё╨140 ╢С©╗(ц©100©к)
"
бС╣╠юм дгц╢╢С╪╕п║©И
",хха©ё╨257 ╢С©╗(ц©100©к)
"
еёхБ(╨Смх)
",хха©ё╨106 ╢С©╗(ц©100©к)
"
жМхБ╦╛
",хха©ё╨378 ╢С©╗(ц©100©к)
"
╧Цй╫ю╟Ё╕
",хха©ё╨584 ╢С©╗(ц©100©к)
"
бч╥гсЦё╛сж╫пнБ╧ЫсЦ║╒т╫досЦ║╒╥гжчЖЙсЦ║╒╦ёйы...
",хха©ё╨98 ╢С©╗(ц©100©к)
"
В╗сЦё╛сж╫пВ╗оа║╒цВл╚сЦ║╒╢См╥гЮ║╒╢С©зсЦ║╒╢С...
",хха©ё╨88 ╢С©╗(ц©100©к)
"
нГ╡мхБ
",хха©ё╨229 ╢С©╗(ц©100©к)
"
ЖосЦ(╦и)ё╛сж╫пмаЖо
",хха©ё╨313 ╢С©╗(ц©100©к)
"
я╪╦н
",хха©ё╨128 ╢С©╗(ц©100©к)
"
жМ╦н(б╠жС)
",хха©ё╨203 ╢С©╗(ц©100©к)
"
еёхБ(╨СКЛ)
",хха©ё╨98 ╢С©╗(ц©100©к)
"
╪╕╦н
",хха©ё╨121 ╢С©╗(ц©100©к)
"
ЖтсЦё╛сж╫пЖт╩╗║╒Жт╟Е║╒ЖтвссЦ║╒у╞╩╗║╒кдхЫсЦ...
",хха©ё╨105 ╢С©╗(ц©100©к)
"
╤то╨ё╛сж╫п╢Со╨
",хха©ё╨93 ╢С©╗(ц©100©к)
йЁнОцШЁф,хха©
"
кАдл
",хха©ё╨72 ╢С©╗(ц©100╨аиЩ)
"
еёдлё╛сж╫п╢©еёдлё╛еёхИ
",хха©ё╨54 ╢С©╗(ц©100╨аиЩ)
"
длюрё╛сж╫пхИюр║╒ж╔й©║╒фПк╬║╒╪фк╬
",хха©ё╨328 ╢С©╗(ц©100©к)
"
кАдлё╗жпж╛ё╘
",хха©ё╨64 ╢С©╗(ц©100╨аиЩ)
"
кАдлё╗мяж╛ё╘
",хха©ё╨57 ╢С©╗(ц©100╨аиЩ)
"
мяж╛дл╥ш
",хха©ё╨356 ╢С©╗(ц©100©к)
"
кАдлё╗╣Вн╤ё╘
",хха©ё╨88 ╢С©╗(ц©100╨аиЩ)
"
╧БцВ ойеёдлё╛сж╫п╧БцВойдл║╒╧БцВеёдл
",хха©ё╨60 ╢С©╗(ц©100╨аиЩ)
"
кАдл(╧Шао)ё╛сж╫п╧ШаокАдл
",хха©ё╨67 ╢С©╗(ц©100╨аиЩ)
"
кАдлё╗╧Шаёё╘
",хха©ё╨97 ╢С©╗(ц©100╨аиЩ)
"
циеё ╦ъ╦феёдл
",хха©ё╨59 ╢С©╗(ц©100╨аиЩ)
"
еёдлё╗мяж╛ё╘ё╛сж╫пмяж╛длё╛мяж╛еёдлё╛еёхИ
",хха©ё╨33 ╢С©╗(ц©100©к)
"
╧БцВ e+рФиЗ╬ЗкАеёдлё╗т╜н╤ё╘220ml ...
",хха©ё╨45 ╢С©╗(ц©100©к)
"
еёдлё╗╡©╥жмяж╛ё╘ё╛сж╫п╣мж╛дл мяж╛дл
",хха©ё╨43 ╢С©╗(ц©100©к)
"
тГ╡мдл
",хха©ё╨68 ╢С©╗(ц©100©к)
"
кАдлё╗╦ъ╣╟╟вё╘
",хха©ё╨62 ╢С©╗(ц©100╨аиЩ)
"
длф╛
",хха©ё╨472 ╢С©╗(ц©100©к)
"
х╚ж╛еёдл╥ш
",хха©ё╨478 ╢С©╗(ц©100©к)
"
╧БцВ ╢©еёдлё╛сж╫п╧БцВеёдл
",хха©ё╨66 ╢С©╗(ц©100╨аиЩ)
"
╧БцВ се╠╤ ╦ъф╥жйойеёдл
",хха©ё╨65 ╢С©╗(ц©100╨аиЩ)
"
╧БцВ се╠╤ 0ж╛╥╬ ╦ъф╥жймяж╛ойеёдл
",хха©ё╨35 ╢С©╗(ц©100╨аиЩ)
"
╧БцВ се╠╤ 0хИлг ╟мй©и╠╬З╣ВжфхИ
",хха©ё╨67 ╢С©╗(ц©100╨аиЩ)
"
╧БцВ жбсе х╚ойхИ
",хха©ё╨63 ╢С©╗(ц©100╨аиЩ)
"
╧БцВ 0ж╛╥╬ ойеёдл
",хха©ё╨32 ╢С©╗(ц©100╨аиЩ)
"
еёдл(г©╩╞VAё╛VD)ё╛сж╫пеёхИ(г©╩╞VA...
",хха©ё╨51 ╢С©╗(ц©100©к)
"
╧БцВ ╣мж╛еёдл
",хха©ё╨43 ╢С©╗(ц©100╨аиЩ)
"
циеё д╬лг╢╪кАеёдл
",хха©ё╨63 ╢С©╗(ц©100©к)
"
╣мж╛длюр
",хха©ё╨241 ╢С©╗(ц©100©к)
"
раюШ нчуАлгкАеёдлё╗юШюж╟Эё╘150g
",хха©ё╨52 ╢С©╗(ц©100╨аиЩ)
"
циеё кАеёдлё╗╡щщ╝+йВщ╝ё╘100g ё╗п║╨пв╟ё╘
",хха©ё╨92 ╢С©╗(ц©100©к)
"
╧БцВ╪Уж╛90%мяж╛ойеёдл
",хха©ё╨32 ╢С©╗(ц©100╨аиЩ)
"
раюШсеф╥╪нхксеюрхИё╗т╜н╤ё╘
",хха©ё╨73 ╢С©╗(ц©100©к)
"
╧БцВЁ╘се╨ЛтФяЮбС╣мж╛кАдл
",хха©ё╨69 ╢С©╗(ц©100╨аиЩ)
"
╧БцВ б╚эЖкАдл
",хха©ё╨87 ╢С©╗(ц©100╨аиЩ)
"
раюШкАеёдл(т╜н╤)
",хха©ё╨87 ╢С©╗(ц©100╨аиЩ)
"
х╚ж╛кыхэдл╥ш
",хха©ё╨466 ╢С©╗(ц©100©к)
"
х╦Ё╡/Nestle ╦ъ╦ф╦ълЗдл╥ш
",хха©ё╨416 ╢С©╗(ц©100©к)
"
раюШ ╢С╧ШаёкАеёдлё╗╨Л╡Х+╡щщ╝+р╛╧Шё╘
",хха©ё╨92 ╢С©╗(ц©100©к)
"
длюрё╗╧БцВефё╘
",хха©ё╨348 ╢С©╗(ц©100©к)
"
раюШ сеф╥╪нхксеюрхИкАеёдл
",хха©ё╨78 ╢С©╗(ц©100©к)
"
╧БцВсеё╚╦ъф╥жйеёдл(юШюжуМё╘
",хха©ё╨62 ╢С©╗(ц©100╨аиЩ)
"
еёдлё╗мЙ╢Ои╫ефё╘ё╛сж╫пеёхИё╗мЙ╢Ои╫ефё╘
",хха©ё╨60 ╢С©╗(ц©100©к)
"
циеё ╧зрФхИльф╥кАеёдлё╗т╜н╤ё╘
",хха©ё╨85 ╢С©╗(ц©100©к)
"
х╚ж╛╪слгдл╥ш
",хха©ё╨490 ╢С©╗(ц©100©к)
"
циеё кАеёдлё╗╡щщ╝н╤ё╘╧чв╟950mlё╗╨пв╟ё╘
",хха©ё╨85 ╢С©╗(ц©100©к)
"
х╦Ё╡/Nestle ╦ъок╦ъ╦фдл╥ш
",хха©ё╨428 ╢С©╗(ц©100©к)
"
н╤х╚сеюрхИё╗т╜н╤ё╘
",хха©ё╨88 ╢С©╗(ц©100©к)
"
циеё╧зрФхИльф╥кАеёдлд╬лг╢╪н╤
",хха©ё╨63 ╢С©╗(ц©100©к)
"
раюШсеф╥╪нхксеюрхИ║╓кАеёдл[╩юяую╤щ╝]
",хха©ё╨78 ╢С©╗(ц©100©к)
"
╣мж╛дл╥шё╗╦ъ╦ф╦ълЗё╛раюШефё╘
",хха©ё╨423 ╢С©╗(ц©100©к)
"
раюШ Ё╘гАкАдлё╗╩флр╧Шаёё╘ф©в╟580g
",хха©ё╨103 ╢С©╗(ц©100╨аиЩ)
"
циеё кАеёдлё╗т╜н╤ё╘ 
",хха©ё╨85 ╢С©╗(ц©100©к)
"
дл╥ш(╤Юн╛дл╥ш)ё╛сж╫пдл╥ш
",хха©ё╨484 ╢С©╗(ц©100©к)
"
еёдлё╗ги©ка╕н╤ё╛©╗╥Рефё╘
",хха©ё╨80 ╢С©╗(ц©100©к)
"
раюШ тГ╡мдлё╗бСоЦ╣Вн╤еёдлё╘
",хха©ё╨61 ╢С©╗(ц©100╨аиЩ)
"
╥╗╧З╟ы╪╙╦ё ╣мж╛ж╔й©ф╛
",хха©ё╨195 ╢С©╗(ц©100©к)
"
╬Щюж╠╕ ╤╚╥╫ж╙н╤╨ЛтФкАеёдл
",хха©ё╨61 ╢С©╗(ц©100©к)
"
раюШ Ё╘гАкАдлё╗╡щщ╝╧Шаёё╘ф©в╟580g
",хха©ё╨103 ╢С©╗(ц©100╨аиЩ)
"
еёдлё╗ги©ка╕н╤ё╛хЩт╙ефё╘
",хха©ё╨74 ╢С©╗(ц©100©к)
"
х╚ж╛лПа╤хИё╗х╦Ё╡ё╘
",хха©ё╨380 ╢С©╗(ц©100©к)
"
╧БцВнчуАлгкАдлё╗м╟в╟ё╘
",хха©ё╨60 ╢С©╗(ц©100╨аиЩ)
"
длюрё╗фОй©ефё╘
",хха©ё╨386 ╢С©╗(ц©100©к)
"
яРдлё╛сж╫пойяРдл
",хха©ё╨59 ╢С©╗(ц©100©к)
"
раюШ ╢С╧ШаёкАеёдлё╗бл╡Х+иXиm+р╛╧Шё╘ ╢С...
",хха©ё╨92 ╢С©╗(ц©100©к)
"
╧БцВ╪Уж╛90%ойеёдл
",хха©ё╨32 ╢С©╗(ц©100╨аиЩ)
"
╬Щюж╠╕╦ъ╦фнчуАлгкАеёдл
",хха©ё╨45 ╢С©╗(ц©100©к)
"
я╖иЗдл
",хха©ё╨66 ╢С©╗(ц©100╨аиЩ)
"
рЬге рФиЗ╬ЗкАеёдлё╗т╜н╤ё╘
",хха©ё╨78 ╢С©╗(ц©100╨аиЩ)
"
раюШABLSрФиЗ╬ЗкАеёдлё╜нчуАлг
",хха©ё╨54 ╢С©╗(ц©100©к)
"
╧БцВ Ё╘сеB+100╩НптрФиЗ╬З╧ШаёкАеёдлё╗гЮлАё╘
",хха©ё╨69 ╢С©╗(ц©100╨аиЩ)
"
раюШцНж╔пбойдлюр
",хха©ё╨118 ╢С©╗(ц©100©к)
"
╧БцВ ╢©еёдлоЦе╗3.5
",хха©ё╨62 ╢С©╗(ц©100╨аиЩ)
"
еёдлё╗╡щщ╝н╤ё╛©╗╥Рефё╘
",хха©ё╨79 ╢С©╗(ц©100©к)
"
╦ъ╦ф╦ълЗдл╥шё╗©иД©ефё╘
",хха©ё╨437 ╢С©╗(ц©100©к)
"
циеё ╣чж╔ль╣мж╛тГ╡мдлюр
",хха©ё╨215 ╢С©╗(ц©100©к)
"
еёдлё╗юж╟ыйоефё╘ё╛сж╫пеёхИё╗юж╟ыйоефё╘
",хха©ё╨67 ╢С©╗(ц©100©к)
"
раюШ тГ╡мдлюрё╗╦ъ╦фё╘
",хха©ё╨263 ╢С©╗(ц©100©к)
"
н╤х╚ сеюрхИкАеёдл╫║©╣╢жа╦ё╗ю╤щ╝©зн╤ё╘
",хха©ё╨84 ╢С©╗(ц©100©к)
"
©╗й© ойюрхИ╣Вн╤кАеёхИё╗т╜н╤ё╘
",хха©ё╨82 ╢С©╗(ц©100©к)
"
╧БцВ ╫║дэ╡щщ╝╧ШаёкАеёдл 100g
",хха©ё╨87 ╢С©╗(ц©100©к)
"
╧БцВ ╨ЛтФкАдл
",хха©ё╨92 ╢С©╗(ц©100╨аиЩ)
"
циеё кАеёдлё╗т╜н╤ё╘
",хха©ё╨85 ╢С©╗(ц©100©к)
"
раюШ рФиЗ╬ЗкАеёдл
",хха©ё╨98 ╢С©╗(ц©100©к)
"
циеё ╧зрФхИ╧з╬ЗсеюрхИкАеёдлё╗т╜н╤ё╘ф©в╟560g
",хха©ё╨85 ╢С©╗(ц©100╨аиЩ)
"
╧БцВ 90%╣мж╛ойеёдл
",хха©ё╨18 ╢С©╗(ц©100╨аиЩ)
"
раюШ тГ╡мдлюрё╗т╜н╤ё╘
",хха©ё╨287 ╢С©╗(ц©100©к)
"
╧БцВ╨╨╥╫╡щ╠╬кАеёдл
",хха©ё╨91 ╢С©╗(ц©100©к)
"
╢Одэ т╜н╤кАеёдл
",хха©ё╨58 ╢С©╗(ц©100©к)
"
с╓╤Ыдл╥ш
",хха©ё╨443 ╢С©╗(ц©100©к)
"
©╗й© ойюрхИ ╧Шн╤кАеёхИё╗кзцвё╘
",хха©ё╨73 ╢С©╗(ц©100©к)
"
х╚ж╛дл╥шё╗раюШефё╘
",хха©ё╨504 ╢С©╗(ц©100©к)
"
MeadowFresh╣мж╛╦ъ╦фдл
",хха©ё╨61 ╢С©╗(ц©100©к)
"
п║п║╧БцВ╫║©╣ЁиЁ╓длюр
",хха©ё╨190 ╢С©╗(ц©100©к)
"
х╦Ё╡х╚йкдлё╗ги©ка╕н╤ё╘
",хха©ё╨72 ╢С©╗(ц©100╨аиЩ)
"
Dr.Oetker Onkenмяж╛кАдл
",хха©ё╨48 ╢С©╗(ц©100╨аиЩ)
"
╧БцВдлюр╬╜╣Д╩ф╡╗ж╔й©ф╛
",хха©ё╨280 ╢С©╗(ц©100©к)
"
╢ОдэTaillefineмяж╛кАдл
",хха©ё╨42 ╢С©╗(ц©100╨аиЩ)
"
раюШ╦ъ╦фдлюр
",хха©ё╨287 ╢С©╗(ц©100©к)
"
еёдлё╗г©╩╞п©║╒╦фё╘ё╛сж╫пеёхИё╗г©╩╞п©║╒╦фё╘
",хха©ё╨60 ╢С©╗(ц©100©к)
"
╟ы╪╙╦ё ╪Уж╛ж╔й©ф╛
",хха©ё╨249 ╢С©╗(ц©100©к)
йЁнОцШЁф,хха©
"
дцлЗё╗х╚ж╛ё╛нчлгё╘ё╛сж╫пдцлЗ©╖╥х
",хха©ё╨44 ╢С©╗(ц©100╨аиЩ)
"
рШсцк╝ё╛сж╫пк╝║╒втю╢к╝
",хха©ё╨0 ╢С©╗(ц©100╨аиЩ)
"
©╖╥х╥шё╛сж╫пкыхэ©╖╥х╥ш
",хха©ё╨218 ╢С©╗(ц©100©к)
"
бСк╧мЧ╤Ш т╜н╤©╖╥х
",хха©ё╨478 ╢С©╗(ц©100©к)
"
╨з©╖╥хё╗р╨ё╘ё╛сж╫пцюй╫║╒цюй╫©╖╥х║╒╟д╨з
",хха©ё╨1 ╢С©╗(ц©100╨аиЩ)
"
©Сх╙к╝ё╛сж╫пк╝
",хха©ё╨0 ╢С©╗(ц©100╨аиЩ)
"
ф║╬ф
",хха©ё╨32 ╢С©╗(ц©100╨аиЩ)
"
лЛ╦ёэЬ╡Х бл╡Х╥ш
",хха©ё╨328 ╢С©╗(ц©100©к)
"
бл╡Хё╗╡Хр╤╠╬иМё╘ё╛сж╫пбл╡Х║╒╡Хр╤
",хха©ё╨328 ╢С©╗(ц©100©к)
"
дШцйж╜
",хха©ё╨27 ╢С©╗(ц©100╨аиЩ)
"
╫╜цв╬фё╛сж╫пе╢цв╬ф║╒лП╬ф║╒╬фдП║╒У╡тЦ
",хха©ё╨91 ╢С©╗(ц©100╨аиЩ)
"
╨Л╬ф
",хха©ё╨96 ╢С©╗(ц©100╨аиЩ)
"
╡Хк╝ё╛сж╫п╡Х
",хха©ё╨0 ╢С©╗(ц©100╨аиЩ)
"
Ёхж╜рШаоё╗╩Цт╢ефё╘
",хха©ё╨46 ╢С©╗(ц©100╨аиЩ)
"
╧БцВ ч╪бС╧хнОеёдл
",хха©ё╨76 ╢С©╗(ц©100╨аиЩ)
"
╧БцВ ги©ке╛а╕ ги©ка╕еёдлрШф╥
",хха©ё╨87 ╢С©╗(ц©100╨аиЩ)
"
╧БцВ р╩ж╩р╛вс еёхИрШф╥
",хха©ё╨58 ╢С©╗(ц©100╨аиЩ)
"
©и©з©июж фШк╝ё╛сж╫п©июж
",хха©ё╨43 ╢С©╗(ц©100╨аиЩ)
"
©╣╠╕юЁ ╣╟╟в╩Л╨орШаоё╗ги©ка╕н╤ё╘
",хха©ё╨370 ╢С©╗(ц©100©к)
"
к╫╥©п║ЁЬпсхй╥ш
",хха©ё╨580 ╢С©╗(ц©100©к)
"
╦йуАж╜
",хха©ё╨65 ╢С©╗(ц©100╨аиЩ)
"
лЗ╧шрТ╡Хё╗╡Хр╤╠╬иМё╘
",хха©ё╨334 ╢С©╗(ц©100©к)
"
©и©и╥ш
",хха©ё╨349 ╢С©╗(ц©100©к)
"
е╘╥Ри╫х╙ к╝хэC100 дШцйж╜
",хха©ё╨38 ╢С©╗(ц©100╨аиЩ)
"
╨Лфоля╬ф
",хха©ё╨74 ╢С©╗(ц©100╨аиЩ)
"
╨Л╡Хё╗╡Хр╤╠╬иМё╘
",хха©ё╨324 ╢С©╗(ц©100©к)
"
мЁр╩╦╔юыдл╡Х-╬╜╣ДбСоЦ
",хха©ё╨33 ╢С©╗(ц©100╨аиЩ)
"
х╦Ё╡/Nestle т╜р╤╣млгбл╡Х
",хха©ё╨16 ╢С©╗(ц©100╨аиЩ)
"
р╛йВеф р╛ж╜
",хха©ё╨50 ╢С©╗(ц©100╨аиЩ)
"
©и©з©июж аЦ╤х фШк╝
",хха©ё╨0 ╢С©╗(ц©100╨аиЩ)
"
©и©з©июж сёлрн╤фШк╝
",хха©ё╨32 ╢С©╗(ц©100╨аиЩ)
"
©и©з©июж ╫╙н╤фШк╝
",хха©ё╨31 ╢С©╗(ц©100©к)
"
©и©з©июж ╫║БЫ фШк╝
",хха©ё╨0 ╢С©╗(ц©100╨аиЩ)
"
©и©з©июж окн╛+ фШк╝
",хха©ё╨0 ╢С©╗(ц©100╨аиЩ)
"
псхйб╤
",хха©ё╨46 ╢С©╗(ц©100╨аиЩ)
"
©и©з©июж  оЦ╡щн╤фШк╝
",хха©ё╨43 ╢С©╗(ц©100╨аиЩ)
"
╦╔юыблдл╡Хё╗ойблэтоЦ©зн╤ё╘
",хха©ё╨33 ╢С©╗(ц©100╨аиЩ)
"
©июжё╛сж╫п©июж
",хха©ё╨45 ╢С©╗(ц©100╨аиЩ)
"
Ё╛дё25 вш╨ос╙яЬкьё╗йВщ╝н╤ё╘
",хха©ё╨49 ╢С©╗(ц©100©к)
"
Ё╛дё25 с╙яЬпЧцврШё╗д╗╡Хн╤ё╘
",хха©ё╨358 ╢С©╗(ц©100©к)
"
Ё╛дё25 с╙яЬ©и©и
",хха©ё╨366 ╢С©╗(ц©100©к)
"
Easy Fun б╥рв╡╗й©╡Х
",хха©ё╨0 ╢С©╗(ц©100©к)
"
Easy Fun ╢©бМВЛ╡Х
",хха©ё╨0 ╢С©╗(ц©100©к)
"
Ё╛дё25 с╙яЬрШё╗сЯцвйъ╡кн╤ё╘
",хха©ё╨366 ╢С©╗(ц©100©к)
"
Easy Fun сЯцвпК╡Х
",хха©ё╨0 ╢С©╗(ц©100©к)
"
Beauty Reset ╩ю╟в╪║цэ╧Шн╤рШао
",хха©ё╨29 ╢С©╗(ц©100╨аиЩ)
"
╥р╢О Ёхн╤фШк╝
",хха©ё╨34 ╢С©╗(ц©100╨аиЩ)
"
Easy Fun рБй╫©╖╥х╟Эё╗длщмё╘
",хха©ё╨0 ╢С©╗(ц©100©к)
"
O'day тк╤╞╣╟╟в╥шё╗цшлрн╤ё╘
",хха©ё╨404 ╢С©╗(ц©100©к)
"
Ё╛дё25 Ё╘к╛нВц╥рШ
",хха©ё╨132 ╢С©╗(ц©100╨аиЩ)
"
Ё╛дё25 ©╖╥х╣╟╟врШ
",хха©ё╨380 ╢С©╗(ц©100©к)
"
Ё╛дё25 ╧Шйъс╙яЬкьё╗╥╛гян╤ё╘
",хха©ё╨70 ╢С©╗(ц©100©к)
"
о╡юж(хИкАрШао)
",хха©ё╨53 ╢С©╗(ц©100╨аиЩ)
"
Ёхж╜фШк╝
",хха©ё╨20 ╢С©╗(ц©100╨аиЩ)
"
©╖╥х╤╧
",хха©ё╨313 ╢С©╗(ц©100©к)
"
й╝х╚ф╩╧Ш╢в
",хха©ё╨29 ╢С©╗(ц©100╨аиЩ)
"
н╛кШдлт╜н╤╤╧длрШаоё╗╣мж╛╥╬ё╘
",хха©ё╨48 ╢С©╗(ц©100╨аиЩ)
"
фъо╡
",хха©ё╨30 ╢С©╗(ц©100╨аиЩ)
"
Ёхж╜рШаоё╗╧БцВефё╘
",хха©ё╨44 ╢С©╗(ц©100╨аиЩ)
"
©╣й╕╦╣ бл╡Хё╗╣млгё╘
",хха©ё╨15 ╢С©╗(ц©100╨аиЩ)
"
бСйо╣Д╡ьMAXIMт╜н╤©╖╥х
",хха©ё╨441 ╢С©╗(ц©100©к)
"
х╦Ё╡/Nestle ╠Ык╛╡Х╠Ы╪╚дШцйн╤бл╡ХрШао
",хха©ё╨39 ╢С©╗(ц©100©к)
"
бСк╧мЧ╤Шжб╢╪©зн╤©╖╥х
",хха©ё╨365 ╢С©╗(ц©100©к)
"
╣╓льеф╥ДцшХжвс╡Х
",хха©ё╨260 ╢С©╗(ц©100©к)
"
н╛кШ ╨з╤╧дл
",хха©ё╨50 ╢С©╗(ц©100╨аиЩ)
"
Иывсж╜
",хха©ё╨119 ╢С©╗(ц©100╨аиЩ)
"
р╛всж╜рШао
",хха©ё╨51 ╢С©╗(ц©100╨аиЩ)
"
©╣й╕╦╣ этюРгЕ╡Хё╗╣╜яе╣млгё╘
",хха©ё╨16 ╢С©╗(ц©100╨аиЩ)
"
мЁр╩  бл╡Хё╗╣млгэтюР╩╗н╤ё╘
",хха©ё╨16 ╢С©╗(ц©100╨аиЩ)
"
хЩ╣цюШ нзаЗ╡Хё╗нчлгё╘
",хха©ё╨0 ╢С©╗(ц©100╨аиЩ)
"
©╣й╕╦╣ этюРцш╡Х
",хха©ё╨31 ╢С©╗(ц©100╨аиЩ)
"
╩╗╡Хё╗╩╗╡Х╠╬иМё╘ё╛сж╫поЦф╛║╒я╛╩╗╡Х║╒Я©╩╗╡Х
",хха©ё╨316 ╢С©╗(ц©100©к)
"
╨Збэ╡╥ж╜рШао
",хха©ё╨24 ╢С©╗(ц©100╨аиЩ)
"
ф╩╧Шж╜рШаоё╗╧БцВефё╘
",хха©ё╨54 ╢С©╗(ц©100╨аиЩ)
"
╨Л╧Шж╜
",хха©ё╨157 ╢С©╗(ц©100╨аиЩ)
"
╩щ╤Ш©╣╧хаё╧ха╕сЯцвдо╧ое╗╫╛
",хха©ё╨44 ╢С©╗(ц©100╨аиЩ)
"
втжф╥ДцшХжвс╡Х
",хха©ё╨137 ╢С©╗(ц©100╨аиЩ)
"
Ё╛дё17 с╙яЬдлнТ
",хха©ё╨359 ╢С©╗(ц©100©к)
"
фоля╬фё╗╦и╨Лё╛12%ё╛уетёефё╘
",хха©ё╨75 ╢С©╗(ц©100╨аиЩ)
"
циеё╧ШйъкАкАхИ
",хха©ё╨31 ╢С©╗(ц©100╨аиЩ)
"
╩Цт╢Ёхж╜рШао
",хха©ё╨36 ╢С©╗(ц©100╨аиЩ)
"
ги©ка╕╤╧дл
",хха©ё╨39 ╢С©╗(ц©100╨аиЩ)
"
╢СбС╡Хё╗╡Хр╤╠╬иМё╘
",хха©ё╨393 ╢С©╗(ц©100©к)
"
е╘╥Р╡ХаЗ╬╝бл╡ХрШф╥-╣млг
",хха©ё╨19 ╢С©╗(ц©100╨аиЩ)
"
н╤╪яеф╥ДцшХжвс╡Х
",хха©ё╨250 ╢С©╗(ц©100©к)
"
╩щ╤Ш©╣ ╧хаё╧ха╕яЮбСе╗╫╛
",хха©ё╨58 ╢С©╗(ц©100╨аиЩ)
"
дШцй╡Хё╗х╦Ё╡ефё╛╧ллЕрШаоё╘
",хха©ё╨406 ╢С©╗(ц©100©к)
"
╩Цт╢100%ф╩╧Шж╜
",хха©ё╨38 ╢С©╗(ц©100╨аиЩ)
"
цюж╜т╢ ╧ШаёЁх
",хха©ё╨41 ╢С©╗(ц©100╨аиЩ)
"
 ╩щ╤Ш©╣╧хаё╧ха╕эЯбСе╗╫╛
",хха©ё╨18 ╢С©╗(ц©100╨аиЩ)
"
кАхИрШао
",хха©ё╨54 ╢С©╗(ц©100╨аиЩ)
"
ВХВКнГ╨С╨Л╡Хдл╡ХрШао-╣мж╛╥╬
",хха©ё╨34 ╢С©╗(ц©100╨аиЩ)
"
фоля╬фё╗╦и╨Лё╛11.5%ё╛Ё╓Ёгефё╘
",хха©ё╨72 ╢С©╗(ц©100╨аиЩ)
"
ф║╬фё╗4.3%ё╛гЮ╣╨ефё╘
",хха©ё╨38 ╢С©╗(ц©100╨аиЩ)
"
до╧Зефкыхэр╛вс╥ш
",хха©ё╨465 ╢С©╗(ц©100©к)
"
ЁГцВюо╟в╬фё╛сж╫пиу╬ф║╒╟в╦и╤Ы║╒╩П╬ф║╒арпт╬ф...
",хха©ё╨298 ╢С©╗(ц©100╨аиЩ)
"
©А╤ЫоЦЁхж╜
",хха©ё╨52 ╢С©╗(ц©100╨аиЩ)
"
©и╧Шцю╢©уЩ╥╛гяж╜
",хха©ё╨22 ╢С©╗(ц©100╨аиЩ)
"
╨╨╡╗╨ЛтФ╟╒╫╨е╗╫╛
",хха©ё╨352 ╢С©╗(ц©100©к)
"
©╗╥Р/Kraft ╧ШуДё╗цю╧ЗлПЁхн╤ё╘
",хха©ё╨388 ╢С©╗(ц©100©к)
йЁнОцШЁф,хха©
"
Ё╢гЮ╡кё╛сж╫пгЕЁ╢гЮ╡к;кьЁ╢гЮ╡к
",хха©ё╨41 ╢С©╗(ц©100©к)
"
╥╛гяЁ╢╣╟ё╛сж╫п╥╛гяЁ╢╪╕╣╟║╒нВ╨ЛйаЁ╢╣╟║╒нВ╨Л...
",хха©ё╨87 ╢С©╗(ц©100©к)
"
мбк╬цФ╟Эё╛сж╫пмбк╬║╒╟вмбк╬║╒цФ╟Эф╛║╒гпф╛цФ╟Э
",хха©ё╨278 ╢С©╗(ц©100©к)
"
бл╤╧лю
",хха©ё╨46 ╢С©╗(ц©100©к)
"
кьЁ╢п║╟в╡к
",хха©ё╨46 ╢С©╗(ц©100©к)
"
иугявс
",хха©ё╨74 ╢С©╗(ц©100©к)
"
бл╤╧жЮ
",хха©ё╨48 ╢С©╗(ц©100©к)
"
оЦ╧╫гЮ╡к╟Эё╛сж╫п╡к╟Э║╒оЦ╧╫╡к╟Э║╒╡к╟Эвс║╒кь...
",хха©ё╨166 ╢С©╗(ц©100©к)
"
еёхБцФё╛сж╫пю╪жщеёхБцФё╛ю╪жщю╜цФ
",хха©ё╨119 ╢С©╗(ц©100©к)
"
╣╟Ё╢╥╧
",хха©ё╨154 ╢С©╗(ц©100©к)
"
╨ЛиуВ╕сЦ
",хха©ё╨216 ╢С©╗(ц©100©к)
"
янк╝о╨
",хха©ё╨92 ╢С©╗(ц©100©к)
"
Ё╢бл╤╧я©
",хха©ё╨30 ╢С©╗(ц©100©к)
"
╢псм╠Щё╛сж╫п╢п╩╗╠Щ
",хха©ё╨259 ╢С©╗(ц©100©к)
"
гЕЁ╢нВ╨Ыб╚
",хха©ё╨50 ╢С©╗(ц©100©к)
"
нВ╨Лйа╪╕╣╟цФё╛сж╫п╥╛гя╣╟цФ
",хха©ё╨97 ╢С©╗(ц©100©к)
"
кАю╠ма╤╧к©
",хха©ё╨122 ╢С©╗(ц©100©к)
"
╨ЛиухБ
",хха©ё╨470 ╢С©╗(ц©100©к)
"
╬б╡к╟Эвс
",хха©ё╨171 ╢С©╗(ц©100©к)
"
б╠╣╟ё╛сж╫пб╠╪╕╣╟
",хха©ё╨148 ╢С©╗(ц©100©к)
"
гЕЁ╢ма╤╧к©
",хха©ё╨97 ╢С©╗(ц©100©к)
"
гЕк╛нВю╪╩╗
",хха©ё╨35 ╢С©╗(ц©100©к)
"
иубСё╛сж╫пиубТ
",хха©ё╨220 ╢С©╗(ц©100©к)
"
Ё╢╢С╟в╡кё╗гЕ╣╜╟Фё╘
",хха©ё╨39 ╢С©╗(ц©100©к)
"
нВ╨Лйа╪╕╣╟лю
",хха©ё╨14 ╢С©╗(ц©100©к)
"
╢С╠Щё╛сж╫п╠Щё╛╪рЁё╠Щё╛кюцФ╠Щ
",хха©ё╨215 ╢С©╗(ц©100©к)
"
гЕуТсЦ
",хха©ё╨105 ╢С©╗(ц©100©к)
"
кА╡ксЦ
",хха©ё╨98 ╢С©╗(ц©100©к)
"
йык╬ втжф1ё╛сж╫пйык╬╬М
",хха©ё╨141 ╢С©╗(ц©100©к)
"
бИфе╤╧╦╞
",хха©ё╨133 ╢С©╗(ц©100©к)
"
иу╟Э╡кк©
",хха©ё╨48 ╢С©╗(ц©100©к)
"
кАю╠╥ш
",хха©ё╨98 ╢С©╗(ц©100©к)
"
гЮ╫╥Ё╢╪╕╣╟
",хха©ё╨138 ╢С©╗(ц©100©к)
"
кьЁ╢гш╡к
",хха©ё╨36 ╢С©╗(ц©100©к)
"
Тувс
",хха©ё╨195 ╢С©╗(ц©100©к)
"
╫╥см╟Х╨ё╢Ь
",хха©ё╨68 ╢С©╗(ц©100©к)
"
юссЯцв╠Щ
",хха©ё╨150 ╢С©╗(ц©100©к)
"
йъ╡киЁю╜
",хха©ё╨40 ╢С©╗(ц©100©к)
"
гЕЁ╢╬Мпд╡кё╛сж╫пЁ╢╬Мпд╡к
",хха©ё╨46 ╢С©╗(ц©100©к)
"
кБн╤иугявс
",хха©ё╨147 ╢С©╗(ц©100©к)
"
╨Лиу╢Сее
",хха©ё╨248 ╢С©╗(ц©100©к)
"
тса╦╪Е╠Щё╛сж╫пи╫╤╚тса╦╪Е╠Щ
",хха©ё╨243 ╢С©╗(ц©100©к)
"
сЯцвлюп║цвжЮё╛сж╫псЯцвлюп║цвжЮ,╪У╥й╡кп║цв...
",хха©ё╨36 ╢С©╗(ц©100©к)
"
хБкицФ╟Э
",хха©ё╨326 ╢С©╗(ц©100©к)
"
╤╧иЁ╟Э
",хха©ё╨319 ╢С©╗(ц©100©к)
"
бИ╫╢╟Х╩ф╧о
",хха©ё╨51 ╢С©╗(ц©100©к)
"
гЕ╟Х╩ф╧оё╛сж╫па╧╟Х╩ф╧о║╒ед╩ф╧о
",хха©ё╨16 ╢С©╗(ц©100©к)
"
гЕуТ╪╕╣╟╦Ч
",хха©ё╨42 ╢С©╗(ц©100©к)
"
╨Лиу╢ЬсЦ
",хха©ё╨175 ╢С©╗(ц©100©к)
"
о╨ф╓╤╛╧ок©
",хха©ё╨45 ╢С©╗(ц©100©к)
"
уДжИдл╡Хё╛сж╫пдл╡Х
",хха©ё╨52 ╢С©╗(ц©100©к)
"
╨Лиу╪╕©И
",хха©ё╨224 ╢С©╗(ц©100©к)
"
╨Лб╠╪╕в╕
",хха©ё╨236 ╢С©╗(ц©100©к)
"
яОжщ╣╟Ё╢╥╧
",хха©ё╨146 ╢С©╗(ц©100©к)
"
╣╟л╒ё╛сж╫п╣╟л╒
",хха©ё╨375 ╢С©╗(ц©100©к)
"
Ё╢ма╤╧к©
",хха©ё╨115 ╢С©╗(ц©100©к)
"
еёхБ╟Эвс
",хха©ё╨216 ╢С©╗(ц©100©к)
"
Ё╢цФ/Ё╢╥ш
",хха©ё╨194 ╢С©╗(ц©100©к)
"
╬б╡кЁ╢бл╤╧я©
",хха©ё╨32 ╢С©╗(ц©100©к)
"
г╖╡Ц╠Щё╛сж╫пх©вс╠Щ
",хха©ё╨269 ╢С©╗(ц©100©к)
"
╡к╪Е╠Щ
",хха©ё╨151 ╢С©╗(ц©100©к)
"
Ё╢╨Збэ╡╥ф╛
",хха©ё╨62 ╢С©╗(ц©100©к)
"
гЕЁ╢смбС╡к
",хха©ё╨58 ╢С©╗(ц©100©к)
"
╨Лиу╤╧╦╞
",хха©ё╨98 ╢С©╗(ц©100©к)
"
╨Лиугявс
",хха©ё╨75 ╢С©╗(ц©100©к)
"
кБхв╨ё╢Ь
",хха©ё╨51 ╢С©╗(ц©100©к)
"
иу╩╗╡к
",хха©ё╨70 ╢С©╗(ц©100©к)
"
╩ф╧оЁ╢╣╟
",хха©ё╨75 ╢С©╗(ц©100©к)
"
гЕуТ╣╟╦Ч
",хха©ё╨61 ╢С©╗(ц©100©к)
"
╩ф╧оЁ╢╪╕╣╟
",хха©ё╨83 ╢С©╗(ц©100©к)
"
Ё╢ТЬ╤╧
",хха©ё╨41 ╢С©╗(ц©100©к)
"
©╖Ю╛╪╕©Има╤╧
",хха©ё╨102 ╢С©╗(ц©100©к)
"
кьЁ╢╡к╩╗
",хха©ё╨58 ╢С©╗(ц©100©к)
"
хБф╛Ё╢╩╗╡к
",хха©ё╨97 ╢С©╗(ц©100©к)
"
╬б╡кЁ╢╪╕╣╟
",хха©ё╨104 ╢С©╗(ц©100©к)
"
╡Хр╤╣╟ё╛сж╫п╡Хр╤╣╟
",хха©ё╨152 ╢С©╗(ц©100©к)
"
к©╧оЁ╢╣╟
",хха©ё╨102 ╢С©╗(ц©100©к)
"
хБк©эЗ╟в
",хха©ё╨86 ╢С©╗(ц©100©к)
"
о╨хйуТЁ╕╥ш
",хха©ё╨125 ╢С©╗(ц©100©к)
"
хБф╛Ё╢гЮ╫╥
",хха©ё╨95 ╢С©╗(ц©100©к)
"
нЕоЦя╪хБ
",хха©ё╨262 ╢С©╗(ц©100©к)
"
ма╤╧иухБ
",хха©ё╨173 ╢С©╗(ц©100©к)
"
ю╠╫╥гЕЁ╢©Ю╧о
",хха©ё╨39 ╢С©╗(ц©100©к)
"
у╗╩╗иЗцв
",хха©ё╨588 ╢С©╗(ц©100©к)
"
п║Ё╢оЦ╦игш╡к
",хха©ё╨138 ╢С©╗(ц©100©к)
"
яС╟в╡к╟Эвс
",хха©ё╨155 ╢С©╗(ц©100©к)
"
йык╬ втжф2
",хха©ё╨105 ╢С©╗(ц©100©к)
"
сЦоЦгявс
",хха©ё╨82 ╢С©╗(ц©100©к)
"
╨клркж
",хха©ё╨369 ╢С©╗(ц©100©к)
"
нчлгрЬ╤Злю
",хха©ё╨10 ╢С©╗(ц©100©к)
"
кБ╟Хбл╤╧я©
",хха©ё╨42 ╢С©╗(ц©100©к)
"
а╧╟Х╨ё╢Ьк©
",хха©ё╨42 ╢С©╗(ц©100©к)
"
ещ╫╥╥Ов╕
",хха©ё╨193 ╢С©╗(ц©100©к)
"
©╬╪╕ЁА
",хха©ё╨204 ╢С©╗(ц©100©к)
"
гЮ╫╥Ё╢╩╗╡к
",хха©ё╨67 ╢С©╗(ц©100©к)
"
втжф╤╧╫╛(нчлгё╘
",хха©ё╨13 ╢С©╗(ц©100©к)
"
ЁЮ╤╧Тувсё╛сж╫п╨Л╤╧Тувс║╒╨Л╤╧Ту
",хха©ё╨184 ╢С©╗(ц©100©к)
"
╨ЛиуЖЙсЦ
",хха©ё╨195 ╢С©╗(ц©100©к)
"
эЯбСбЬм╥
",хха©ё╨218 ╢С©╗(ц©100©к)
"
╨Л╤╧╟Эё╛сж╫п╤╧иЁ╟Э;╤╧╟Э;уЁ╤╧╟Э
",хха©ё╨224 ╢С©╗(ц©100©к)
йЁнОцШЁф,хха©
"
Easy Fun войМс╙яЬжЮ
",хха©ё╨317 ╢С©╗(ц©100©к)
"
╟вжЮё╗╬╛цвё╘ё╛сж╫по║╥╧ё╛╢СцвжЮё╛╟вцвжЮё╛цвжЮ
",хха©ё╨46 ╢С©╗(ц©100©к)
"
╟вжЮё╗Тлцвё╘ё╛сж╫по║╥╧ё╛╢СцвжЮё╛╟вцвжЮ
",хха©ё╨59 ╢С©╗(ц©100©к)
"
сЯцвё╗ойё╘ё╛сж╫п╟З╧х║╒уДжИцв║╒╟Твс║╒сЯйЯйР...
",хха©ё╨112 ╢С©╗(ц©100©к)
"
яЮбСф╛ё╛сж╫пяЮбС
",хха©ё╨338 ╢С©╗(ц©100©к)
"
цФлУё╗иЗё╘ё╛сж╫пцФ
",хха©ё╨301 ╢С©╗(ц©100©к)
"
цФлУё╗жСё╘ё╛сж╫пцФ
",хха©ё╨110 ╢С©╗(ц©100©к)
"
Тлцв╥шё╛сж╫пцвоъ║╒цв╥ш║╒╥ш
",хха©ё╨356 ╢С©╗(ц©100©к)
"
цФ╟Э
",хха©ё╨313 ╢С©╗(ц©100©к)
"
╨ЛйМё╛сж╫п╣ь╧о║╒╥╛йМ║╒╦ййМ
",хха©ё╨90 ╢С©╗(ц©100©к)
"
п║цвжЮ
",хха©ё╨46 ╢С©╗(ц©100©к)
"
бМаЕйМё╛сж╫пма╤╧║╒яСсС║╒╣ь╣╟║╒и╫р╘╣╟║╒яС╥╛йМ
",хха©ё╨81 ╢С©╗(ц©100©к)
"
╟Эвсё╗жМхБозё╘
",хха©ё╨227 ╢С©╗(ц©100©к)
"
цв╥╧ё╛сж╫п╢Сцв╥╧ё╛╥╧
",хха©ё╨116 ╢С©╗(ц©100©к)
"
╟вйМё╛сж╫пи╫сС║╒╨Лф╓и╫сСё╛╣ь╧о║╒╦ййМ
",хха©ё╨106 ╢С©╗(ц©100©к)
"
╢Сцвё╛сж╫п╣╬цв║╒цв║╒иЗцв
",хха©ё╨346 ╢С©╗(ц©100©к)
"
х╚бСцФ╟Эё╛сж╫пх╚бСцФ╟Э║╒х╚бСмбк╬║╒х╚бСцФ╟Эф╛
",хха©ё╨246 ╢С©╗(ц©100©к)
"
юс╠Щ
",хха©ё╨259 ╢С©╗(ц©100©к)
"
╩╗╬М
",хха©ё╨214 ╢С©╗(ц©100©к)
"
смлУ
",хха©ё╨388 ╢С©╗(ц©100©к)
"
╪н╤ы иЗцЭцФ╟Э 450g
",хха©ё╨284 ╢С©╗(ц©100©к)
"
╟Эвсё╗хЩойозё╘
",хха©ё╨223 ╢С©╗(ц©100©к)
"
бЬм╥
",хха©ё╨223 ╢С©╗(ц©100©к)
"
см╠Щ
",хха©ё╨403 ╢С©╗(ц©100©к)
"
╣╔╡Ц╨╨╠╓ё╗╪пхБ╠Щё╛╪с╣Вао╫╢╨мйъ╡кё╘
",хха©ё╨256 ╢С©╗(ц©100©к)
"
войМё╛сж╫п╦ййМё╗вои╚ё╘
",хха©ё╨106 ╢С©╗(ц©100©к)
"
цв╥шё╗╦иё╘ё╛сж╫п╥ш
",хха©ё╨349 ╢С©╗(ц©100©к)
"
╩фсмцФ╟Э
",хха©ё╨331 ╢С©╗(ц©100©к)
"
╥╫╠ЦцФё╛сж╫пещцФ
",хха©ё╨473 ╢С©╗(ц©100©к)
"
╧ШаоцФ╟Эё╛сж╫пцФ╟Э║╒к╝╧ШцФ╟Э
",хха©ё╨279 ╢С©╗(ц©100©к)
"
╨Л╤╧ё╛сж╫пЁЮп║╤╧║╒╨Лп║╤╧║╒╨Л╥╧╤╧║╒цвЁЮ╤╧║╒...
",хха©ё╨324 ╢С©╗(ц©100©к)
"
╡м╟Эё╛сж╫пп║╡м╟Э║╒цФ╟Э
",хха©ё╨284 ╢С©╗(ц©100©к)
"
иу╠Щ(╪слг)
",хха©ё╨298 ╢С©╗(ц©100©к)
"
бл╤╧ё╗╦иё╘ё╛сж╫пгЮп║╤╧║╒ж╡╤╧║╒╫╩╤╧
",хха©ё╨329 ╢С©╗(ц©100©к)
"
ч╡цвё╛сж╫пч╡эс║╒ч╡эсхй║╒аЫ╧хцв║╒эсцв║╒ч╡хй...
",хха©ё╨361 ╢С©╗(ц©100©к)
"
╥шк©ё╗╦иё╘ё╛сж╫по╦╥ш║╒оъ╥ш║╒к©╥ш║╒╧еЁфкВ╥ш
",хха©ё╨338 ╢С©╗(ц©100©к)
"
цФлУ(╠Йв╪╥шё╛гпцФ)
",хха©ё╨283 ╢С©╗(ц©100©к)
"
бСн╛цФ╟Э
",хха©ё╨270 ╢С©╗(ц©100©к)
"
╣млгдЙ╦Бё╗╧П╩╗лгдЙ╦Бё╘ё╛сж╫пци╤Шк╬ ╣млгдЙ...
",хха©ё╨156 ╢С©╗(ц©100©к)
"
бСф╛
",хха©ё╨368 ╢С©╗(ц©100©к)
"
её╫гцФ╟Эё╛сж╫пцФ╟Э
",хха©ё╨378 ╢С©╗(ц©100©к)
"
╨ЛиуеёхБ╥╫╠ЦцФё╗цФ╠Щ+╣Вн╤ао+йъ╡к+хБ╫╢ё╘
",хха©ё╨447 ╢С©╗(ц©100©к)
"
к╚╡Цдлюр╨╨╠╓ё╗╪пдлюрё╛к╚╡ЦхБ╠Щ║╒к╚╡ЦцФ╟Эё╛...
",хха©ё╨285 ╢С©╗(ц©100©к)
"
и╫р╘ё╛сж╫пйМщВ║╒и╫сС║╒жНйМ║╒яс╡щ║╒йМр╘║╒╢СйМ
",хха©ё╨57 ╢С©╗(ц©100©к)
"
Ё╢╥╧ё╛сж╫пЁ╢цв╥╧
",хха©ё╨188 ╢С©╗(ц©100©к)
"
сСм╥ё╛сж╫пюОсС║╒оЦсС║╒сСэ╣║╒ц╚сС
",хха©ё╨56 ╢С©╗(ц©100©к)
"
фоля╦ицФ╟Эё╛сж╫пцФ╟Э
",хха©ё╨260 ╢С©╗(ц©100©к)
"
олцФ╟Э
",хха©ё╨275 ╢С©╗(ц©100©к)
"
╨зж╔бИлют╡ё╛сж╫пт╙оЭ
",хха©ё╨311 ╢С©╗(ц©100©к)
"
╨зцв
",хха©ё╨341 ╢С©╗(ц©100©к)
"
сСм╥(жС)
",хха©ё╨60 ╢С©╗(ц©100©к)
"
╤Юн╛цФ╟Э
",хха©ё╨316 ╢С©╗(ц©100©к)
"
п║бС╥ш(╠Йв╪╥ш)ё╛сж╫пцФ╥ш
",хха©ё╨362 ╢С©╗(ц©100©к)
"
╟джчяЮбСф╛
",хха©ё╨359 ╢С©╗(ц©100©к)
"
сЯцвцФ(╩ф)
",хха©ё╨350 ╢С©╗(ц©100©к)
"
╧рцФ
",хха©ё╨353 ╢С©╗(ц©100©к)
"
╥шлУё╗╦иё╘
",хха©ё╨338 ╢С©╗(ц©100©к)
"
бС╣╠юм ╨╨╠╓╟Э
",хха©ё╨262 ╢С©╗(ц©100©к)
"
бС╣╠юм ╪╙й©╨╨╠╓╟Э
",хха©ё╨255 ╢С©╗(ц©100©к)
"
д╖сС╬╚╥ш
",хха©ё╨186 ╢С©╗(ц©100©к)
"
бС╣╠юм к╚╡Ц╪╙й©╨╨╠╓
",хха©ё╨288 ╢С©╗(ц©100©к)
"
р╛х╕цФ╟Эё╛сж╫пр╛к©цФ╟Э║╒цФ╟Э
",хха©ё╨320 ╢С©╗(ц©100©к)
"
хЩцВжнё╗╪п╪╕╣╟║╒╦июрё╘
",хха©ё╨234 ╢С©╗(ц©100©к)
"
к╫╥©п║ЁЬэсхй╥ш
",хха©ё╨449 ╢С©╗(ц©100©к)
"
бС╣╠юм бСю╠╪╕мх╨╨╠╓
",хха©ё╨320 ╢С©╗(ц©100©к)
"
к╪дНдлоЦбЬм╥
",хха©ё╨268 ╢С©╗(ц©100©к)
"
бС╣╠юм еЮ╦Ыйъщмк╚╡Цеё╠╓
",хха©ё╨202 ╢С©╗(ц©100©к)
"
хЩцВжнё╗╪п╩Пмх║╒╦июрё╘
",хха©ё╨244 ╢С©╗(ц©100©к)
"
бС╣╠юм ╬чнч╟т╨╨╠╓
",хха©ё╨249 ╢С©╗(ц©100©к)
"
бС╣╠юм т╜н╤╟Еиу╪╕мх╠╓
",хха©ё╨236 ╢С©╗(ц©100©к)
"
╡зцв
",хха©ё╨348 ╢С©╗(ц©100©к)
"
сЯцв(╟вё╛╦и)ё╛сж╫п╟З╧х║╒╟Твс║╒сЯйЯйР
",хха©ё╨352 ╢С©╗(ц©100©к)
"
бС╣╠юм ╪╙й©╣╟╠╓
",хха©ё╨217 ╢С©╗(ц©100©к)
"
╫хвс/БфБ╫ё╗╟К╩Гё╘ё╛сж╫пк╝╫хё╗╟К╩Гё╘║╒п║БфБ╫
",хха©ё╨223 ╢С©╗(ц©100©к)
"
сЯцвТж(╩ф)
",хха©ё╨326 ╢С©╗(ц©100©к)
"
бС╣╠юм ╡╩кьж╝╟т
",хха©ё╨244 ╢С©╗(ц©100©к)
"
е╢цвё╛сж╫пт╙цв║╒╫╜цв
",хха©ё╨350 ╢С©╗(ц©100©к)
"
бМаЕйМ╥шё╛сж╫пма╤╧╥ш
",хха©ё╨340 ╢С©╗(ц©100©к)
"
уТ╨ЛйМё╛сж╫пуТ╣ь╧о
",хха©ё╨75 ╢С©╗(ц©100©к)
"
мЦ╤╧ё╗╦иё╘ё╛сж╫п╩ь╩ь╤╧║╒я╘╤╧║╒╨╝╤╧║╒бС╤╧║╒...
",хха©ё╨334 ╢С©╗(ц©100©к)
"
сЯцв(╩фё╛╦и)ё╛сж╫п╟З╧х║╒╟Твс║╒сЯйЯйР
",хха©ё╨348 ╢С©╗(ц©100©к)
"
╫хвсё╗жМхБоЦ╧╫озё╘ё╛сж╫пк╝╫хё╗жМхБоЦ╧╫озё╘
",хха©ё╨231 ╢С©╗(ц©100©к)
"
п║цвё╛сж╫пкзцв║╒ОЩвс║╒ОЬвс║╒П╓цв║╒╟ва╨кз║╒кз╧х
",хха©ё╨361 ╢С©╗(ц©100©к)
"
╤╔н╤ ╪╕╣╟цФ
",хха©ё╨358 ╢С©╗(ц©100©к)
"
рБ╢СюШцФё╗м╗пд╥шё╘ё╛сж╫прБцФ
",хха©ё╨351 ╢С©╗(ц©100©к)
"
а╧╥ш(╢Ь╣Вао)
",хха©ё╨51 ╢С©╗(ц©100©к)
"
ралОцФ╧щ ю╜цФ
",хха©ё╨168 ╢С©╗(ц©100©к)
"
цФлУ(╦игпцФ)
",хха©ё╨355 ╢С©╗(ц©100©к)
"
сЯцвф╛(╪╢йЁжЮ)
",хха©ё╨391 ╢С©╗(ц©100©к)
"
©о╣б╩Ы оЦю╠╪╕мх╠╓
",хха©ё╨257 ╢С©╗(ц©100©к)
"
бС╣╠юм жМаЬбСбЗ╥ж
",хха©ё╨269 ╢С©╗(ц©100©к)
"
цФлУ(╦╩г©╥шё╛гпцФ)
",хха©ё╨285 ╢С©╗(ц©100©к)
"
бС╣╠юм жМаЬ╣╟бСбЗ╥ж
",хха©ё╨233 ╢С©╗(ц©100©к)
"
бС╣╠юм ялхБ╣╟бСбЗ╥ж
",хха©ё╨219 ╢С©╗(ц©100©к)
"
к╝цФ╫Нё╗ещ╥╒╨Сё╘ё╛сж╫пиЗТО║╒всцФ╫Н
",хха©ё╨142 ╢С©╗(ц©100©к)
"
бС╣╠юм ╪╙й©╣╟бСбЗ╥ж
",хха©ё╨199 ╢С©╗(ц©100©к)
"
бС╣╠юм ╩Пмх╟гбСбЗ╥ж
",хха©ё╨259 ╢С©╗(ц©100©к)
"
Ё╛х╨тфмл
",хха©ё╨181 ╢С©╗(ц©100©к)
"
бС╣╠юм ╢С╢Ю╪╕╟гбСбЗ╥ж
",хха©ё╨258 ╢С©╗(ц©100©к)
"
╤╛╡ко╨хйБфБ╫
",хха©ё╨180 ╢С©╗(ц©100©к)
йЁнОцШЁф,хха©
"
╠Щ╦и
",хха©ё╨435 ╢С©╗(ц©100©к)
"
╣╟╦Б(╩ф╣╟╦Б)
",хха©ё╨320 ╢С©╗(ц©100©к)
"
╠║╨икихйТувслг
",хха©ё╨406 ╢С©╗(ц©100©к)
"
ги©ка╕ё╛сж╫пжЛ╧еа╕
",хха©ё╨589 ╢С©╗(ц©100©к)
"
╠ЫД©аэё╛сж╫п╠Ы╪╓аХ║╒я╘╦Б
",хха©ё╨127 ╢С©╗(ц©100©к)
"
╨ЛйМ╦иё╛сж╫п╣ь╧о╦иё╛╦ййМ╦и
",хха©ё╨338 ╢С©╗(ц©100©к)
"
еЮ╦Ы╨╨╠╓ё╗╪пя╛хБё╛длюрё╛╪с╣Вао╫╢ё╘
",хха©ё╨311 ╢С©╗(ц©100©к)
"
бл╤╧╠Щё╗иылгиысмё╘
",хха©ё╨122 ╢С©╗(ц©100©к)
"
ку╢Р╠Щ╦и
",хха©ё╨408 ╢С©╗(ц©100©к)
"
бИ╩╗
",хха©ё╨527 ╢С©╗(ц©100©к)
"
длсм╣╟╦Б
",хха©ё╨379 ╢С©╗(ц©100©к)
"
╪яц╥ уФж╝╩╟ц╥
",хха©ё╨180 ╢С©╗(ц©100©к)
"
тб╠Щ(╤╧иЁ)
",хха©ё╨411 ╢С©╗(ц©100©к)
"
и╫И╚╧Ш╣╓ф╓
",хха©ё╨326 ╢С©╗(ц©100©к)
"
╣╟╦Б
",хха©ё╨348 ╢С©╗(ц©100©к)
"
иЁГВбЙ╣╟кж
",хха©ё╨506 ╢С©╗(ц©100©к)
"
╣╔╡Ц╨╨╠╓ё╗╣╔╡ЦхБ╠Щё╛нч╣Вао╫╢ё╘
",хха©ё╨316 ╢С©╗(ц©100©к)
"
бл╤╧╦Б
",хха©ё╨351 ╢С©╗(ц©100©к)
"
нВй╫╣╟╦Б
",хха©ё╨316 ╢С©╗(ц©100©к)
"
р╟²и ╨ОхБё╗ю╟ц╥н╤ё╘ 
",хха©ё╨295 ╢С©╗(ц©100©к)
"
и╫И╚гР
",хха©ё╨371 ╢С©╗(ц©100©к)
"
╣бэ╫ оЦе╗╨зги©ка╕
",хха©ё╨542 ╢С©╗(ц©100©к)
"
╪ппдкж╠Щ
",хха©ё╨482 ╢С©╗(ц©100©к)
"
тб╠Щ(нЕхй)
",хха©ё╨424 ╢С©╗(ц©100©к)
"
╧Ь╟мё╗╤╧оЦё╘
",хха©ё╨528 ╢С©╗(ц©100©к)
"
╧Ь╟мё╗п║цвё╘
",хха©ё╨554 ╢С©╗(ц©100©к)
"
йМф╛ё╗иу©╬н╤ё╘
",хха©ё╨548 ╢С©╗(ц©100©к)
"
╠Ы╧В
",хха©ё╨47 ╢С©╗(ц©100©к)
"
╟Есмкж╠Щ
",хха©ё╨360 ╢С©╗(ц©100©к)
"
ги©ка╕(н╛╥Р)ё╛сж╫пжЛ╧еа╕мЧ╩╞
",хха©ё╨575 ╢С©╗(ц©100©к)
"
дллг
",хха©ё╨407 ╢С©╗(ц©100©к)
"
гЗфФ╠Щ
",хха©ё╨546 ╢С©╗(ц©100©к)
"
╣╟╦Бё╗ги©ка╕ё╘
",хха©ё╨437 ╢С©╗(ц©100©к)
"
длсм╠Щ╦и
",хха©ё╨431 ╢С©╗(ц©100©к)
"
кжф╓╦Б╣Ц
",хха©ё╨429 ╢С©╗(ц©100©к)
"
╨мб╥я╘бл╤╧цццц╠Ы╧В
",хха©ё╨120 ╢С©╗(ц©100©к)
"
цФ╟ЭлУё╗╟вё╘
",хха©ё╨283 ╢С©╗(ц©100©к)
"
©о╣б╩Ы йМлУ
",хха©ё╨298 ╢С©╗(ц©100©к)
"
╠╛цв╩╗
",хха©ё╨387 ╢С©╗(ц©100©к)
"
лркж
",хха©ё╨483 ╢С©╗(ц©100©к)
"
й╠пкб║ЖосЦк©
",хха©ё╨333 ╢С©╗(ц©100©к)
"
╟ыюж╠╕ ги©ка╕я╘╦Б
",хха©ё╨174 ╢С©╗(ц©100©к)
"
╢Ся╘╦Б
",хха©ё╨74 ╢С©╗(ц©100©к)
"
╠Щ╦иё╗ку╢Р╪ппдё╘
",хха©ё╨463 ╢С©╗(ц©100©к)
"
╨цюЖся ╣╟╩феи[в╒пд╣╟╩феи]
",хха©ё╨448 ╢С©╗(ц©100©к)
"
╨мб╥я╘ ╨Л╤╧╠Ы╧В 
",хха©ё╨91 ╢С©╗(ц©100©к)
"
еёдллг
",хха©ё╨435 ╢С©╗(ц©100©к)
"
л╚ф╫ йА╢Р╠Щ╦и╨ёл╕©зн╤
",хха©ё╨485 ╢С©╗(ц©100©к)
"
╪╕ж╜н╤╦и╢ЮцФё╗цФ╠Щ+╣Вн╤аоё╘
",хха©ё╨505 ╢С©╗(ц©100©к)
"
╡о╤╧(у╗)ё╛сж╫п©╙╩╗╤╧║╒╨З╤╧║╒од╤╧║╒бч╨╨╤╧
",хха©ё╨447 ╢С©╗(ц©100©к)
"
ги©ка╕ё╗╨зё╘ё╛сж╫п╨зги©ка╕
",хха©ё╨516 ╢С©╗(ц©100©к)
"
гЗфФ╠Щё╗╪сдлсмё╘
",хха©ё╨526 ╢С©╗(ц©100©к)
"
кжоЦю╪╩╗╤╧
",хха©ё╨419 ╢С©╗(ц©100©к)
"
╫Пи╚╢╚фФЖосЦк©ё╗т╜н╤ё╘
",хха©ё╨345 ╢С©╗(ц©100©к)
"
бС╣╠юм йМлУ
",хха©ё╨242 ╢С©╗(ц©100©к)
"
я╘цв╠Щ
",хха©ё╨463 ╢С©╗(ц©100©к)
"
╣╟╦Бё╗к╝╧Шё╘
",хха©ё╨347 ╢С©╗(ц©100©к)
"
кжлг
",хха©ё╨436 ╢С©╗(ц©100©к)
"
к╝╬╖лг
",хха©ё╨395 ╢С©╗(ц©100©к)
"
╨ёл╕
",хха©ё╨270 ╢С©╗(ц©100©к)
"
бС╣╠юм ╢ЮйМ╠Щ
",хха©ё╨308 ╢С©╗(ц©100©к)
"
н╛н╛╫юрФ╫юё╗фоля╦и+╩╗иЗё╘
",хха©ё╨411 ╢С©╗(ц©100©к)
"
б©╢Р╧Ж
",хха©ё╨198 ╢С©╗(ц©100©к)
"
╢Одэ ╪я╦феёдллПкж╠Щ╦иеёдл©зн╤
",хха©ё╨468 ╢С©╗(ц©100©к)
"
еёдл╠Щ╦и
",хха©ё╨408 ╢С©╗(ц©100©к)
"
©и©╣ ╧Ш╤ЁлУё╗©Ю╧он╤ё╘
",хха©ё╨92 ╢С©╗(ц©100©к)
"
мЗмЗя╘╠Щё╗оЦю╠н╤ё╘
",хха©ё╨400 ╢С©╗(ц©100©к)
"
йМф╛ё╗оЦю╠н╤ё╘
",хха©ё╨555 ╢С©╗(ц©100©к)
"
╠ЫД©аХё╗╢Юф╓лПм╡ё╘
",хха©ё╨158 ╢С©╗(ц©100©к)
"
╠Щ╦иё╗олё╘
",хха©ё╨496 ╢С©╗(ц©100©к)
"
тб╠Щ(тФдЮ)
",хха©ё╨427 ╢С©╗(ц©100©к)
"
╪╙╟ыюШБЫ©за╚
",хха©ё╨416 ╢С©╗(ц©100©к)
"
жгиЯ ╟╒╫╨цштФ
",хха©ё╨314 ╢С©╗(ц©100©к)
"
цшбИ╩╗
",хха©ё╨369 ╢С©╗(ц©100©к)
"
╩Ллг╦Б╣Ц
",хха©ё╨455 ╢С©╗(ц©100©к)
"
╠ЫД©аХё╗ги©ка╕й╔╢Зё╘
",хха©ё╨173 ╢С©╗(ц©100©к)
"
к╪юй окТО╦ъокоШ╩╞╠Щ
",хха©ё╨473 ╢С©╗(ц©100©к)
"
╨╚╧З╠╛цв╩╗
",хха©ё╨430 ╢С©╗(ц©100©к)
"
южйбйМф╛ойе╗╥╛гян╤
",хха©ё╨530 ╢С©╗(ц©100©к)
"
тб╠Щё╗длсма╛э©ё╘
",хха©ё╨361 ╢С©╗(ц©100©к)
"
╩╗иЗж╔бИлг
",хха©ё╨498 ╢С©╗(ц©100©к)
"
╣бэ╫ И╩хйги©ка╕
",хха©ё╨568 ╢С©╗(ц©100©к)
"
ги©ка╕ё╗╧Шхйё╘
",хха©ё╨511 ╢С©╗(ц©100©к)
"
ойлр╧Шж╜лг
",хха©ё╨397 ╢С©╗(ц©100©к)
"
╡ф╪г ╢ЮоЦ╩╗иЗкж
",хха©ё╨581 ╢С©╗(ц©100©к)
"
╣бэ╫ еёдлги©ка╕╨м╨зги©ка╕╬╚гив╟
",хха©ё╨543 ╢С©╗(ц©100©к)
"
╨цюЖся ╣╟╩феиё╗кАдлн╤ё╘
",хха©ё╨436 ╢С©╗(ц©100©к)
"
пб╪рт╟ ©╬Би╧Ь╟мё╗╠ххЬ╥Гн╤ё╘ 75g
",хха©ё╨400 ╢С©╗(ц©100©к)
"
╟Т╠Ы
",хха©ё╨73 ╢С©╗(ц©100©к)
"
╢С╟вмц╨Л╤╧дллг
",хха©ё╨400 ╢С©╗(ц©100©к)
"
тб╠Щ(╟ыйыяГ╣Ц)
",хха©ё╨435 ╢С©╗(ц©100©к)
"
к╝╧Шн╤хМлг
",хха©ё╨369 ╢С©╗(ц©100©к)
"
й╝тбЁУнЕ╥ОюФкж
",хха©ё╨433 ╢С©╗(ц©100©к)
"
Easy Fun йажжё╗╨ёян╥Гн╤ё╘
",хха©ё╨409 ╢С©╗(ц©100©к)
"
Easy Fun ╫╙ж╜╠║╢Ю
",хха©ё╨446 ╢С©╗(ц©100©к)
"
Easy Fun оЦ╫╤╪ппд╨ёл╕
",хха©ё╨370 ╢С©╗(ц©100©к)
"
Easy Fun ╧П╩╗ж╔бИ╪ппд╨ёл╕
",хха©ё╨381 ╢С©╗(ц©100©к)
"
O'Day Ё╤Ё╤кьхБё╗нЕоЦн╤ё╘
",хха©ё╨148 ╢С©╗(ц©100©к)
"
Easy Fun ╨ЛтФ╨зцвх╕
",хха©ё╨367 ╢С©╗(ц©100©к)
"
╠По╧Ёт йажж╨ёян╥Гн╤
",хха©ё╨409 ╢С©╗(ц©100©к)
